CREATE DATABASE  IF NOT EXISTS `comercial` /*!40100 DEFAULT CHARACTER SET utf8mb4 COLLATE utf8mb4_0900_ai_ci */ /*!80016 DEFAULT ENCRYPTION='N' */;
USE `comercial`;
-- MySQL dump 10.13  Distrib 8.0.17, for Win64 (x86_64)
--
-- Host: 127.0.0.1    Database: comercial
-- ------------------------------------------------------
-- Server version	8.0.17

/*!40101 SET @OLD_CHARACTER_SET_CLIENT=@@CHARACTER_SET_CLIENT */;
/*!40101 SET @OLD_CHARACTER_SET_RESULTS=@@CHARACTER_SET_RESULTS */;
/*!40101 SET @OLD_COLLATION_CONNECTION=@@COLLATION_CONNECTION */;
/*!50503 SET NAMES utf8 */;
/*!40103 SET @OLD_TIME_ZONE=@@TIME_ZONE */;
/*!40103 SET TIME_ZONE='+00:00' */;
/*!40014 SET @OLD_UNIQUE_CHECKS=@@UNIQUE_CHECKS, UNIQUE_CHECKS=0 */;
/*!40014 SET @OLD_FOREIGN_KEY_CHECKS=@@FOREIGN_KEY_CHECKS, FOREIGN_KEY_CHECKS=0 */;
/*!40101 SET @OLD_SQL_MODE=@@SQL_MODE, SQL_MODE='NO_AUTO_VALUE_ON_ZERO' */;
/*!40111 SET @OLD_SQL_NOTES=@@SQL_NOTES, SQL_NOTES=0 */;

--
-- Table structure for table `clientes`
--

DROP TABLE IF EXISTS `clientes`;
/*!40101 SET @saved_cs_client     = @@character_set_client */;
/*!50503 SET character_set_client = utf8mb4 */;
CREATE TABLE `clientes` (
  `Id_Cliente` int(11) NOT NULL AUTO_INCREMENT,
  `Nombre` varchar(50) NOT NULL,
  `Dui` varchar(10) NOT NULL,
  `Edad` int(3) NOT NULL,
  `Telefono` varchar(9) DEFAULT NULL,
  `Direccion` varchar(200) DEFAULT NULL,
  PRIMARY KEY (`Id_Cliente`),
  UNIQUE KEY `Dui_UNIQUE` (`Dui`)
) ENGINE=InnoDB AUTO_INCREMENT=204 DEFAULT CHARSET=utf8mb4 COLLATE=utf8mb4_0900_ai_ci;
/*!40101 SET character_set_client = @saved_cs_client */;

--
-- Dumping data for table `clientes`
--

LOCK TABLES `clientes` WRITE;
/*!40000 ALTER TABLE `clientes` DISABLE KEYS */;
INSERT INTO `clientes` VALUES (1,'Raul Perez','84526987-8',50,'74185296','dfff'),(2,'Dalia Havvock','89621071-0',60,'77097291','9157 Dexter Way'),(3,'Bebe Carson','55711013-7',66,'74758648','50243 Morrow Hill'),(4,'Blake Brompton','02964135-4',42,'74677723','211 Old Shore Circle'),(5,'Orel Baake','19402936-9',63,'77999113','6 West Pass'),(6,'Cherye Abriani','28835579-2',85,'72741802','2726 Bunker Hill Junction'),(7,'Cad Cejka','39378245-6',33,'70884263','049 Annamark Plaza'),(8,'Indira Rentoul','69818566-0',29,'70129810','06 Brickson Park Alley'),(9,'Stanly Chettle','26431480-6',47,'70208599','376 Ruskin Circle'),(10,'Jackquelin Funcheon','38118300-0',77,'71120777','38 Dahle Avenue'),(11,'Coreen MacGaughie','20961467-6',77,'72687457','694 Main Lane'),(12,'Channa Hanscome','62117868-6',41,'79397284','4 Chive Pass'),(13,'Paulie Lent','50568406-1',25,'75487579','7671 Claremont Way'),(14,'Merralee Peasby','70563577-9',80,'71859564','2185 Jay Point'),(15,'Jobey Dreini','98019320-7',84,'70580559','4 Fairview Drive'),(16,'Trixie Locks','16897248-8',74,'75212159','19 Morning Avenue'),(17,'Collin Loxley','30871632-3',56,'76042531','9 Arrowood Way'),(18,'Gorden Winspurr','14190892-4',56,'76788186','65 American Ash Plaza'),(19,'Dall Gaither','04228208-0',25,'72081724','43 Hanover Point'),(20,'Martino Thoumas','44229459-3',74,'72400849','27 Farragut Trail'),(21,'Dwain Ludewig','98418313-4',32,'73325721','12 Kingsford Hill'),(22,'Morly Postan','53138047-2',62,'73994049','275 Coolidge Center'),(23,'Tremayne Standage','69290812-9',69,'75272212','7 Namekagon Parkway'),(24,'Cammy Symondson','44896026-6',60,'78181351','940 Homewood Place'),(25,'Ferguson Carvilla','22892417-7',90,'76008728','837 Canary Terrace'),(26,'Carlynn Penhale','96951192-4',26,'79860618','74 Bunker Hill Parkway'),(27,'Alfreda Linzey','16804542-8',20,'73457507','15 Weeping Birch Road'),(28,'Eleanor Creggan','40975437-5',59,'71934666','19712 International Road'),(29,'Pammy O\'Cooney','68664439-0',41,'72991592','18625 Chinook Plaza'),(30,'Deerdre Meineking','03758976-4',67,'70513853','72414 Riverside Place'),(31,'Romy Treadwell','24227524-9',33,'76322574','73 Grasskamp Way'),(32,'Robyn Vaudin','61535774-1',55,'79980846','212 Parkside Court'),(33,'Riki Kettow','40395729-9',44,'74619358','050 Stang Plaza'),(34,'Pennie Williscroft','66865282-7',59,'72229462','86 Manufacturers Street'),(35,'Valeria Corby','01268487-3',64,'74702136','6 Tennessee Pass'),(36,'Corey Klaggeman','38909006-4',23,'71258477','0 Redwing Place'),(37,'Gage Hardaway','30508422-3',73,'70530550','0195 Sundown Pass'),(38,'Daniel Shingfield','71053560-5',30,'73915712','50479 Fuller Way'),(39,'Yvon Von Salzberg','88466226-4',37,'77849355','398 Delaware Court'),(40,'Jacquenette Bonhill','06372148-6',25,'76194675','4 Dakota Street'),(41,'Zollie Mancell','68249258-7',51,'70226275','20768 Utah Center'),(42,'Augustin Durrad','55395221-4',69,'71484414','28304 Susan Trail'),(43,'Ludvig Nineham','04872952-3',27,'75018641','46850 Schurz Terrace'),(44,'Aurore Daggett','91828703-2',51,'76284215','97005 Bellgrove Place'),(45,'Eberto Quaintance','57458718-2',53,'70646425','299 Superior Trail'),(46,'Cathrine Barker','22252550-4',80,'75386896','20728 Colorado Center'),(47,'Shela Reading','43034057-7',83,'71108393','5 Lunder Alley'),(48,'Ric Rene','15635478-2',55,'79346797','17 Charing Cross Crossing'),(49,'Antonetta Palffrey','57454848-2',23,'72355859','454 Melody Pass'),(50,'Sheilakathryn Lawleff','91176252-0',31,'72298241','4 Vernon Terrace'),(51,'Skye Paulou','71410513-0',18,'72041024','12184 Esker Pass'),(52,'Susana Ganforth','35433662-8',74,'77188113','25 Sutherland Place'),(53,'Elora Coleridge','54247567-1',76,'70653350','55 Northland Way'),(54,'Stephenie Honig','26669652-0',29,'72746786','17 Bay Street'),(55,'Alex Harroll','14901386-4',53,'76506018','44 Becker Point'),(56,'Terrence Tombleson','13239878-9',83,'76664574','5 Forest Run Lane'),(57,'Albie Johansen','07083048-4',20,'76636623','9175 Huxley Circle'),(58,'Jasmine Magill','65855835-8',28,'72356211','43913 Ryan Circle'),(59,'Allard Paterson','47697814-6',42,'78968373','48 Rowland Point'),(60,'Horatius Crosfeld','46306177-8',81,'74204129','3017 Thierer Park'),(61,'Carney England','90708492-6',61,'73075803','8890 Superior Trail'),(62,'Sara-ann Howorth','45387521-8',56,'74330672','167 Raven Park'),(63,'Belvia Cudmore','57403638-9',20,'72025202','8701 Mendota Street'),(64,'Terri Smallsman','60258753-2',49,'75048458','938 Eastwood Road'),(65,'Elga Gracewood','22663854-4',49,'72431292','65 Talisman Center'),(66,'Wit Voce','77048016-8',35,'74727096','103 Spaight Point'),(67,'Aline Dyka','57345777-8',57,'72566508','51168 Springview Lane'),(68,'Vanya Robus','61603484-1',28,'71256842','9509 Merchant Alley'),(69,'Danika Fitzjohn','91306983-4',36,'76012902','94828 Stang Road'),(70,'Brita Vaud','23299227-6',82,'77283631','461 Nova Crossing'),(71,'Rasla Ockendon','92334838-6',34,'78865839','951 Butternut Road'),(72,'Morty Vanner','20045453-1',58,'79993556','4 Fuller Way'),(73,'Alexandra Cleaveland','79983517-1',40,'72942756','91791 4th Drive'),(74,'Valida Ebbrell','92556953-5',27,'77876527','62 Leroy Junction'),(75,'Shepperd Amort','02474145-8',80,'71848194','33053 Hermina Circle'),(76,'Conway Lintin','50107062-1',78,'70010279','91066 Milwaukee Avenue'),(77,'Bourke Cleary','31800658-2',35,'75753077','74582 Stuart Pass'),(78,'Bentley Stimpson','23632827-5',84,'79048631','2 Holmberg Street'),(79,'Lonny Sharer','35271153-3',66,'77072266','51 Wayridge Road'),(80,'Jacquenette Maingot','50773941-4',32,'78639638','19716 Sugar Drive'),(81,'Major Dameisele','74066482-3',87,'74085838','4244 Toban Park'),(82,'Carlo Lembke','17346379-7',31,'78081862','459 Pennsylvania Drive'),(83,'Meriel Biddles','14732616-6',76,'71156685','33434 Esch Place'),(84,'Donna Critzen','17320663-0',55,'78379193','5 Saint Paul Junction'),(85,'Vanny Genner','66573637-0',49,'78884412','760 Monument Avenue'),(86,'Dacy Guyan','89021906-2',52,'72507760','34 Redwing Parkway'),(87,'Isador Ludye','38649919-5',18,'70579376','2357 Bultman Crossing'),(88,'Eberhard Antonovic','76288345-3',67,'79906349','037 Meadow Ridge Point'),(89,'Ollie De Blase','57574221-9',83,'79460585','72 Waxwing Court'),(90,'Myrlene Wescott','15185932-7',46,'79546559','06921 Transport Parkway'),(91,'Karlens Bottomer','50614789-7',31,'74758143','92 Loftsgordon Street'),(92,'Wynn Dubber','47354473-4',30,'75515966','384 Nevada Avenue'),(93,'Salmon Joire','93505725-6',61,'79246253','9 Rowland Terrace'),(94,'Shanna Fawdrie','56082776-2',51,'74774163','330 Haas Pass'),(95,'Shirleen Bramble','00919594-1',84,'72411495','3896 Donald Park'),(96,'Lilyan Mellanby','81918192-3',35,'72187620','63380 Ludington Alley'),(97,'Lissy MacMenamy','99233353-6',63,'79840866','183 Bowman Alley'),(98,'Dannie Dolman','43598422-8',84,'72482777','04 Orin Drive'),(99,'Ursa Merriment','10741966-4',34,'71655880','2547 Armistice Trail'),(100,'Bekki Stovell','70734598-4',24,'79044287','92620 Lakewood Gardens Park'),(101,'Althea Power','04855016-3',90,'75074507','1 Loftsgordon Road'),(102,'Ediva Ranyelld','38129387-7',37,'76049777','95226 Cottonwood Hill'),(103,'Kevon Ambroix','33986387-2',82,'72928253','4 Oriole Circle'),(104,'Shanie Rubartelli','66008486-2',18,'70757910','2500 Meadow Ridge Way'),(105,'Anders Pigott','03550388-4',78,'70914026','30050 Vermont Pass'),(106,'Obidiah Loidl','16132211-0',72,'75012401','8 Pennsylvania Street'),(107,'Arnie Dorey','64982030-4',74,'75979027','70773 Village Avenue'),(108,'Randie Jarritt','30649550-8',48,'76153091','5485 Swallow Place'),(109,'Meggie Boules','55657984-6',85,'72363266','47658 Hanson Trail'),(110,'Hal Corrigan','75939294-2',21,'75966730','0868 Muir Alley'),(111,'Guillema Showers','44358692-9',25,'74651085','856 Little Fleur Hill'),(112,'Gawain Hatto','74718212-6',73,'79044276','10797 Blackbird Street'),(113,'Rock Webbe','93553599-7',63,'79467671','8 Bluestem Road'),(114,'Amble Aronow','02095267-8',69,'76235729','054 Clarendon Circle'),(115,'Prissie Otridge','14456338-5',69,'70325059','32827 Merry Hill'),(116,'Courtnay Kears','91411804-5',49,'77226724','167 Susan Junction'),(117,'Willi De Gregorio','92662155-6',77,'71173172','0610 Lake View Hill'),(118,'Sutherlan MacKintosh','49284517-0',56,'70714376','69 Manley Trail'),(119,'Jessa Stait','93687900-4',85,'76527651','7970 Debra Alley'),(120,'Laurette Haskell','19831630-8',21,'74187327','4510 Walton Hill'),(121,'Lisabeth Apark','98934425-1',68,'72131280','02 Eggendart Way'),(122,'Claudetta Jankiewicz','23098923-5',42,'78204825','574 Northfield Alley'),(123,'Cordelia Dignan','20451845-0',76,'78156453','170 Paget Terrace'),(124,'Basilius Ranscome','45949865-0',33,'74898684','26725 Roxbury Point'),(125,'Dukie Glantz','94995827-0',50,'70732025','61 Summerview Pass'),(126,'Rowan Shorey','85913253-1',82,'73916889','79501 Fallview Pass'),(127,'Hazel Spoerl','46601262-5',88,'74967713','9090 Mitchell Plaza'),(128,'Kara Sandys','76463072-4',33,'74467846','4 Butterfield Alley'),(129,'Heindrick Murty','65902379-6',32,'74170989','413 Sutteridge Pass'),(130,'Iona McCook','20054991-9',80,'77532228','95 6th Way'),(131,'Lemar Sieghart','45563598-2',59,'72237344','38477 Hanson Parkway'),(132,'Iago Hunn','87800260-3',40,'70706409','57 Fulton Parkway'),(133,'Nels Edgeller','93466113-7',46,'77451050','8 Memorial Way'),(134,'Florida Kippin','36529251-0',51,'72102564','61 Orin Pass'),(135,'Catrina Yerrill','78820406-9',82,'78275226','0 Schurz Crossing'),(136,'Adham Balston','89522564-2',83,'78305210','645 Anzinger Street'),(137,'Jefferson Perche','07451049-3',78,'74153005','18 Union Hill'),(138,'Gertruda Speare','83773436-4',85,'70084291','72179 Emmet Circle'),(139,'Zarla Rotge','27069397-0',20,'75912720','5 Nelson Plaza'),(140,'Zed Glencrosche','42531976-2',30,'78361364','26948 Sommers Terrace'),(141,'Rosie Hars','48802014-7',80,'76585870','5 Buhler Circle'),(142,'Wade Roma','27494305-2',76,'79037580','4834 Acker Avenue'),(143,'Antony Kopec','88427856-0',59,'75785838','188 Chive Street'),(144,'Dawn McFarlane','45207969-4',76,'71969162','27063 Ilene Court'),(145,'Tobye Waplinton','01760481-0',89,'78419869','378 Emmet Hill'),(146,'Davis Konmann','93012858-6',69,'74633660','922 Clemons Center'),(147,'Karie Bilborough','46309490-5',25,'71596596','2 Cherokee Pass'),(148,'Raine Elham','43580884-5',84,'74799269','02 Lillian Alley'),(149,'Cassandre Elletson','40095426-4',57,'72875884','38 Mesta Crossing'),(150,'Miriam Hubbold','88714744-0',58,'75292067','323 Redwing Drive'),(151,'Nara Loreit','87018449-6',69,'79741311','57581 Sunbrook Avenue'),(152,'Averyl Hapgood','91719178-1',23,'74841791','55504 Hoepker Terrace'),(153,'Melloney Izhaky','05337701-1',44,'70634207','92 Dovetail Hill'),(154,'Elfrieda Cars','40926701-8',41,'78631509','4193 Myrtle Hill'),(155,'Shelagh Follacaro','92792651-6',79,'70781525','97 Hintze Plaza'),(156,'Rog Samweyes','04117261-7',18,'75748348','864 Warner Trail'),(157,'Willi Langlois','87915286-1',27,'78371334','4 Crowley Hill'),(158,'Trevor Chatteris','08788257-9',50,'76544817','17 Anthes Place'),(159,'Franky Meas','97245594-5',56,'74114050','481 Charing Cross Trail'),(160,'Saudra O\' Mahony','19290079-4',64,'74329975','618 Holmberg Terrace'),(161,'Flore Luton','72417715-1',36,'74639509','52 Eagan Park'),(162,'Keelby Guillem','57338125-5',59,'74047575','3 Anniversary Avenue'),(163,'Casar Cornner','73699667-5',76,'73854392','4123 Arrowood Drive'),(164,'Nikolas Michelet','03841306-6',24,'74327766','844 Carioca Place'),(165,'Mallory Goggey','20891441-5',69,'78429824','4184 Leroy Avenue'),(166,'Winnie Harriot','74480493-7',49,'79587375','65264 Marcy Hill'),(167,'Theressa Seeking','19902749-8',87,'79766411','13390 Morrow Road'),(168,'Ginevra Screach','44898869-4',45,'71167594','8665 Northport Lane'),(169,'Linnie Shoobridge','90155010-6',83,'74958502','92742 Spohn Road'),(170,'Katusha Eby','01794916-7',30,'70738933','1448 Garrison Circle'),(171,'Korney Janman','52468030-8',48,'76472270','5 Oneill Terrace'),(172,'Franklyn Fullun','24646196-2',34,'77452549','7 Bartelt Alley'),(173,'Arabelle Morrowe','33800538-7',52,'73928192','16 Mifflin Circle'),(174,'Hadlee Tremayle','78331196-8',36,'71684600','259 Homewood Park'),(175,'Kellsie Parkhouse','72256213-5',36,'75980326','454 Mayfield Crossing'),(176,'Cori Gery','82136311-9',30,'78994160','09 Jackson Terrace'),(177,'Randene Stranieri','91267877-2',64,'79585943','4015 Badeau Point'),(178,'Dominica Humber','58085099-0',27,'77196524','45 Di Loreto Way'),(179,'Riannon Napolione','02259324-1',75,'72821767','86724 Anzinger Pass'),(180,'Kynthia Postins','52421898-9',45,'76243435','8035 3rd Court'),(181,'Teodoor Scrowby','37120703-9',52,'72526121','9 Paget Way'),(182,'Kent Prangnell','51428222-0',70,'76268933','6981 Columbus Trail'),(183,'Levy Sergison','24950578-9',23,'76845895','9178 Dawn Lane'),(184,'Ashly Bromfield','87198338-7',41,'70461742','87819 Waywood Way'),(185,'Corty Batt','96328981-8',89,'75944703','4660 Lake View Hill'),(186,'Emmanuel Dancey','05599686-7',50,'73584760','034 Scoville Lane'),(187,'Friederike Stokell','68469265-4',78,'78299460','0096 Gale Plaza'),(188,'Billy Ducket','22377325-6',37,'74052622','797 Lien Circle'),(189,'Barret Knok','97478716-5',61,'76647963','59616 Banding Trail'),(190,'Micki Augustine','92303870-7',25,'70555671','741 Crest Line Point'),(191,'Irita Folker','13283696-7',23,'79211178','143 Meadow Valley Junction'),(192,'Felisha Takis','87494543-6',53,'72041582','454 Vahlen Crossing'),(193,'Latia O\'Howbane','08754125-0',71,'75891356','8507 Fairview Trail'),(194,'Wally Ettels','29522536-0',81,'79436701','4581 Kingsford Place'),(195,'Maurits Gatland','64054722-8',62,'76634361','39085 Jenna Point'),(196,'Dillie Trott','03026980-0',41,'76313727','1 Karstens Trail'),(197,'Giralda Dellit','98150048-8',69,'74307620','8057 Prairie Rose Pass'),(198,'Irwinn McGraffin','89680095-5',61,'75627324','82917 Hooker Court'),(199,'Thatch Melby','72016062-6',47,'75143865','86703 Surrey Circle'),(200,'Benedick Korneluk','19950057-6',26,'71589312','61 Northland Park'),(201,'Nananne Longea','22282367-1',52,'74623948','1 Tony Hill'),(202,'alvaro','8528',82,'18','dsf'),(203,'sf','262',22,'88','sdsd');
/*!40000 ALTER TABLE `clientes` ENABLE KEYS */;
UNLOCK TABLES;

--
-- Table structure for table `compras`
--

DROP TABLE IF EXISTS `compras`;
/*!40101 SET @saved_cs_client     = @@character_set_client */;
/*!50503 SET character_set_client = utf8mb4 */;
CREATE TABLE `compras` (
  `OrdenId` int(11) NOT NULL AUTO_INCREMENT,
  `Fecha` datetime NOT NULL,
  `Estado` int(11) NOT NULL,
  `Proveedor_Id` int(11) DEFAULT NULL,
  PRIMARY KEY (`OrdenId`),
  KEY `Proveedor_Id` (`Proveedor_Id`),
  CONSTRAINT `compras_ibfk_1` FOREIGN KEY (`Proveedor_Id`) REFERENCES `proveedor` (`Id_proveedor`)
) ENGINE=InnoDB DEFAULT CHARSET=utf8mb4 COLLATE=utf8mb4_0900_ai_ci;
/*!40101 SET character_set_client = @saved_cs_client */;

--
-- Dumping data for table `compras`
--

LOCK TABLES `compras` WRITE;
/*!40000 ALTER TABLE `compras` DISABLE KEYS */;
/*!40000 ALTER TABLE `compras` ENABLE KEYS */;
UNLOCK TABLES;

--
-- Table structure for table `detallecompras`
--

DROP TABLE IF EXISTS `detallecompras`;
/*!40101 SET @saved_cs_client     = @@character_set_client */;
/*!50503 SET character_set_client = utf8mb4 */;
CREATE TABLE `detallecompras` (
  `DetalleOCId` int(11) NOT NULL AUTO_INCREMENT,
  `Cantidad` int(11) NOT NULL,
  `Precio` decimal(15,2) NOT NULL,
  `OrdenCompra_Id` int(11) DEFAULT NULL,
  `Producto_Id` int(11) DEFAULT NULL,
  PRIMARY KEY (`DetalleOCId`),
  KEY `Producto_Id` (`Producto_Id`),
  CONSTRAINT `detallecompras_ibfk_1` FOREIGN KEY (`Producto_Id`) REFERENCES `productos` (`Id_Producto`)
) ENGINE=InnoDB DEFAULT CHARSET=utf8mb4 COLLATE=utf8mb4_0900_ai_ci;
/*!40101 SET character_set_client = @saved_cs_client */;

--
-- Dumping data for table `detallecompras`
--

LOCK TABLES `detallecompras` WRITE;
/*!40000 ALTER TABLE `detallecompras` DISABLE KEYS */;
/*!40000 ALTER TABLE `detallecompras` ENABLE KEYS */;
UNLOCK TABLES;

--
-- Table structure for table `detallesventas`
--

DROP TABLE IF EXISTS `detallesventas`;
/*!40101 SET @saved_cs_client     = @@character_set_client */;
/*!50503 SET character_set_client = utf8mb4 */;
CREATE TABLE `detallesventas` (
  `DetalleVentaId` int(11) NOT NULL AUTO_INCREMENT,
  `ProductoId` int(11) DEFAULT NULL,
  `Cantidad` int(11) DEFAULT NULL,
  `PrecioVenta` decimal(15,2) DEFAULT NULL,
  `venta_id` int(11) DEFAULT NULL,
  PRIMARY KEY (`DetalleVentaId`),
  KEY `venta_id` (`venta_id`),
  CONSTRAINT `detallesventas_ibfk_1` FOREIGN KEY (`venta_id`) REFERENCES `ventas` (`id_Venta`)
) ENGINE=InnoDB DEFAULT CHARSET=utf8mb4 COLLATE=utf8mb4_0900_ai_ci;
/*!40101 SET character_set_client = @saved_cs_client */;

--
-- Dumping data for table `detallesventas`
--

LOCK TABLES `detallesventas` WRITE;
/*!40000 ALTER TABLE `detallesventas` DISABLE KEYS */;
/*!40000 ALTER TABLE `detallesventas` ENABLE KEYS */;
UNLOCK TABLES;

--
-- Table structure for table `empleado`
--

DROP TABLE IF EXISTS `empleado`;
/*!40101 SET @saved_cs_client     = @@character_set_client */;
/*!50503 SET character_set_client = utf8mb4 */;
CREATE TABLE `empleado` (
  `ID_empleado` int(11) NOT NULL AUTO_INCREMENT,
  `empleado` varchar(50) DEFAULT NULL,
  `edad` int(11) DEFAULT NULL,
  `telefono` varchar(50) DEFAULT NULL,
  `direccion` varchar(50) DEFAULT NULL,
  PRIMARY KEY (`ID_empleado`)
) ENGINE=InnoDB AUTO_INCREMENT=3 DEFAULT CHARSET=utf8mb4 COLLATE=utf8mb4_0900_ai_ci;
/*!40101 SET character_set_client = @saved_cs_client */;

--
-- Dumping data for table `empleado`
--

LOCK TABLES `empleado` WRITE;
/*!40000 ALTER TABLE `empleado` DISABLE KEYS */;
INSERT INTO `empleado` VALUES (1,'Alvaro Antonio valladares Borja',22,'77889966','mi casa'),(2,'Leonardo Alexis Ramirez Perez',20,'123456789','su casa');
/*!40000 ALTER TABLE `empleado` ENABLE KEYS */;
UNLOCK TABLES;

--
-- Table structure for table `marca`
--

DROP TABLE IF EXISTS `marca`;
/*!40101 SET @saved_cs_client     = @@character_set_client */;
/*!50503 SET character_set_client = utf8mb4 */;
CREATE TABLE `marca` (
  `Id_marca` int(11) NOT NULL AUTO_INCREMENT,
  `marca` varchar(50) DEFAULT NULL,
  PRIMARY KEY (`Id_marca`)
) ENGINE=InnoDB AUTO_INCREMENT=12 DEFAULT CHARSET=utf8mb4 COLLATE=utf8mb4_0900_ai_ci;
/*!40101 SET character_set_client = @saved_cs_client */;

--
-- Dumping data for table `marca`
--

LOCK TABLES `marca` WRITE;
/*!40000 ALTER TABLE `marca` DISABLE KEYS */;
INSERT INTO `marca` VALUES (1,'LG'),(2,'SONY'),(3,'PANASONIC'),(4,'Toshiba'),(5,'RCA'),(6,'WHIRLPOOL'),(7,'Samsung '),(8,'Mabe'),(9,'Permasa'),(10,'Banak'),(11,'Desalto');
/*!40000 ALTER TABLE `marca` ENABLE KEYS */;
UNLOCK TABLES;

--
-- Table structure for table `productos`
--

DROP TABLE IF EXISTS `productos`;
/*!40101 SET @saved_cs_client     = @@character_set_client */;
/*!50503 SET character_set_client = utf8mb4 */;
CREATE TABLE `productos` (
  `Id_Producto` int(11) NOT NULL AUTO_INCREMENT,
  `Producto` varchar(50) DEFAULT NULL,
  `Serie` varchar(10) DEFAULT NULL,
  `Costo` decimal(15,2) NOT NULL,
  `Margen` decimal(10,2) NOT NULL,
  `Marca_Id` int(11) DEFAULT NULL,
  `descripcion` varchar(200) DEFAULT NULL,
  `proveedor_id` int(11) DEFAULT NULL,
  `Inventario` int(11) DEFAULT NULL,
  PRIMARY KEY (`Id_Producto`),
  KEY `Marca_Id` (`Marca_Id`),
  KEY `proveedor_id` (`proveedor_id`),
  CONSTRAINT `productos_ibfk_1` FOREIGN KEY (`Marca_Id`) REFERENCES `marca` (`Id_marca`),
  CONSTRAINT `productos_ibfk_2` FOREIGN KEY (`proveedor_id`) REFERENCES `proveedor` (`Id_proveedor`)
) ENGINE=InnoDB AUTO_INCREMENT=1001 DEFAULT CHARSET=utf8mb4 COLLATE=utf8mb4_0900_ai_ci;
/*!40101 SET character_set_client = @saved_cs_client */;

--
-- Dumping data for table `productos`
--

LOCK TABLES `productos` WRITE;
/*!40000 ALTER TABLE `productos` DISABLE KEYS */;
INSERT INTO `productos` VALUES (1,'Lavadora','DE858-11',174.29,10.86,4,'Nondisp osteochon fx unsp patella, 7thP',440,NULL),(2,'Lavadora','DR252-94',130.69,19.16,1,'Other secondary gout',58,NULL),(3,'cama','TO073-25',416.97,11.33,11,'Fx coronoid process of mandible, unspecified side, init',49,NULL),(4,'Secadora','WB434-53',884.98,10.64,8,'Rheumatoid polyneurop w rheumatoid arthritis of right elbow',580,NULL),(5,'plancha','YV773-01',340.35,16.07,8,'Partial placenta previa with hemorrhage, unsp trimester',75,NULL),(6,'plancha','C1280-43',437.32,18.56,9,'Disp fx of unsp ulna styloid pro, 7thH',778,NULL),(7,'Refrigeradora','4F908-79',593.32,10.79,9,'Nondisp spiral fx shaft of l fibula, 7thG',587,NULL),(8,'Smart TV 42','SZ008-30',847.74,13.04,3,'Nondisp fx of lateral condyle of r tibia, 7thG',117,NULL),(9,'Secadora','MS265-34',558.60,15.21,10,'Activated protein C resistance',272,NULL),(10,'Refrigeradora','VL066-87',237.67,19.21,9,'Chronic postrheumatic arthropathy [Jaccoud], left hand',458,NULL),(11,'Smart TV 64','T7928-27',531.83,10.22,5,'Bent bone of unsp ulna, 7thE',261,NULL),(12,'Lavadora','UD971-12',977.68,11.59,3,'Diab due to undrl cond w diabetic prph angiopath w gangrene',935,NULL),(13,'Lavadora','HM748-96',670.69,10.87,3,'Exposure to excessive natural heat, initial encounter',536,NULL),(14,'Laptop','2V883-85',407.19,19.96,8,'Breakdown of aortic (bifurcation) graft, sequela',248,NULL),(15,'Smart TV 42','EZ139-25',780.14,18.97,7,'Other dislocation of unspecified foot, sequela',664,NULL),(16,'Laptop','M8248-77',807.98,13.58,2,'War op w direct blast effect of nuclear weapon, milt, init',752,NULL),(17,'Smart TV 32','OL648-34',273.95,14.94,5,'ST elevation (STEMI) myocardial infarction of anterior wall',661,NULL),(18,'Smart TV 42','NE402-16',269.51,11.11,9,'Unsp fx upper end of right ulna, subs for clos fx w nonunion',716,NULL),(19,'Refrigeradora','13932-61',843.89,13.33,5,'Capslr glaucoma w/pseudxf lens, bilateral, severe stage',455,NULL),(20,'Lavadora','2U763-80',501.97,18.65,6,'Lac w/o fb of unsp eyelid and periocular area, sequela',266,NULL),(21,'comedor','TM555-04',653.92,10.03,7,'Corrosion of second degree of knee',550,NULL),(22,'Laptop','7D087-94',989.20,12.64,6,'Fluency disorder following unsp cerebrovascular disease',702,NULL),(23,'Televisora','WP184-29',389.00,18.70,9,'Oth disrd of amniotic fluid and membrns, third tri, unsp',281,NULL),(24,'Smart TV 42','UQ382-96',617.33,15.08,2,'Unsp fracture of right talus, init encntr for open fracture',649,NULL),(25,'comedor','ZT581-92',375.14,14.18,4,'Injury of musculocutaneous nerve, unsp arm, subs encntr',202,NULL),(26,'Televisora','UY287-38',722.35,19.82,11,'Reiter\'s disease, unspecified ankle and foot',880,NULL),(27,'plancha','3Y126-01',361.91,15.28,5,'Laceration of intercostal blood vessels, unsp side, sequela',67,NULL),(28,'Televisora','HQ101-08',245.83,19.62,4,'Other specified bursopathies, unspecified knee',489,NULL),(29,'plancha','QA631-73',737.88,19.74,3,'Person injured in collision betw rail trn/veh and car, init',92,NULL),(30,'plancha','QZ617-47',381.78,14.79,8,'Nondisp bicondylar fx r tibia, 7thM',60,NULL),(31,'Laptop','S6458-88',659.45,14.73,1,'Nondisplaced fracture of base of other metacarpal bone',845,NULL),(32,'Smart TV 64','YO238-16',568.25,13.65,8,'Sltr-haris Type IV physl fx upper end radius, left arm, sqla',78,NULL),(33,'Smart TV 42','0K352-16',784.34,18.31,5,'Traumatic rupture of left radial collateral ligament, init',57,NULL),(34,'Lavadora','OX684-57',273.00,11.06,8,'Macrolides',753,NULL),(35,'Lavadora','KA578-08',436.68,16.74,6,'Sprain of deltoid ligament of right ankle, subs encntr',682,NULL),(36,'Lavadora','IX686-81',142.07,10.93,8,'Adverse effect of other synthetic narcotics, sequela',308,NULL),(37,'Smart TV 42','E3081-64',109.40,14.64,4,'Abrasion of unspecified back wall of thorax, sequela',965,NULL),(38,'Secadora','YH887-24',981.26,18.23,1,'Streptococcus B carrier state complicating the puerperium',756,NULL),(39,'Secadora','7P883-22',635.45,17.94,6,'Disp fx of med wall of r acetab, subs for fx w routn heal',161,NULL),(40,'Lavadora','HY941-51',486.63,19.17,3,'Oth physl fx upper end rad, r arm, subs for fx w routn heal',337,NULL),(41,'Refrigeradora','SU079-14',841.68,14.17,3,'Minor lacerat femor vein at hip and thi lev, unsp leg, subs',820,NULL),(42,'Smart TV 64','BI574-28',154.70,15.74,2,'Adverse effect of other bacterial vaccines, subs encntr',792,NULL),(43,'plancha','N8321-50',976.09,12.32,6,'Non-prs chronic ulcer oth prt unsp foot w necrosis of bone',964,NULL),(44,'comedor','4Y683-67',590.46,15.42,4,'Nondisplaced spiral fracture of shaft of unspecified femur',524,NULL),(45,'Secadora','HG291-07',621.42,19.38,9,'Caught, crush, jammed, or pinched betw stationry obj, sqla',330,NULL),(46,'Lavadora','4H295-29',554.04,13.76,2,'Person outside car injured in clsn w ped/anml nontraf, init',178,NULL),(47,'Smart TV 32','8G212-83',427.23,18.94,11,'Smith\'s fracture of right radius',783,NULL),(48,'plancha','89385-53',590.24,15.99,5,'Ben neoplm of connctv/soft tiss of r upper limb, inc shldr',441,NULL),(49,'Secadora','CC692-69',564.24,15.24,2,'Unsp injury of muscle and tendon of unsp wall of thorax',234,NULL),(50,'Smart TV 32','LB073-03',286.01,11.98,7,'Late vomiting of pregnancy',51,NULL),(51,'Refrigeradora','L3713-24',109.78,19.42,11,'Chlamydial conjunctivitis',224,NULL),(52,'cama','7J786-43',613.93,18.73,1,'Other fracture of left foot, 7thB',129,NULL),(53,'comedor','09393-00',789.41,16.53,5,'Traum hemor left cerebrum w LOC of unsp duration',396,NULL),(54,'Laptop','OU566-13',146.61,15.80,7,'Newborn health examination',197,NULL),(55,'Lavadora','JL405-84',947.68,15.56,10,'Burn of second degree of left wrist, initial encounter',910,NULL),(56,'cama','FS418-94',641.09,14.94,9,'Occup of hv veh inj pick-up truck, pk-up/van nontraf, init',408,NULL),(57,'Secadora','0G632-44',992.99,10.34,5,'Occup of special construction vehicle injured nontraf, init',411,NULL),(58,'Lavadora','RI401-26',811.37,10.26,11,'Disp fx of post wall of unsp acetab, subs for fx w nonunion',355,NULL),(59,'Smart TV 64','YH762-36',659.93,10.27,11,'Tributary (branch) retinal vein occlusion, right eye, stable',840,NULL),(60,'plancha','8K712-51',591.81,15.35,2,'Sedatv/hyp/anxiolytc dependence w withdrawal delirium',78,NULL),(61,'Laptop','BY816-73',923.55,11.60,1,'Major laceration of unsp innominate or subclavian vein',192,NULL),(62,'Refrigeradora','FP529-59',595.01,15.47,11,'Liver & biliary trac disord in preg, chldbrth and the puerp',505,NULL),(63,'Smart TV 42','WS751-71',205.08,12.34,6,'Displacement of artificial heart, initial encounter',618,NULL),(64,'Laptop','KZ729-49',914.97,18.52,2,'Matern care for disproprtn due to other fetal deform, fts2',190,NULL),(65,'Smart TV 32','0U099-07',654.02,11.44,6,'Congenital partial dislocation of unsp hip, unilateral',658,NULL),(66,'Smart TV 42','56396-17',228.51,13.56,8,'Other synovitis and tenosynovitis, left thigh',695,NULL),(67,'Laptop','KX927-75',806.58,15.24,8,'Other specified injuries of unspecified hip, subs encntr',268,NULL),(68,'Lavadora','Y7645-77',381.36,17.31,6,'Unspecified disorders of lactation',394,NULL),(69,'comedor','GB232-09',925.61,12.94,7,'External constriction of left forearm, subsequent encounter',310,NULL),(70,'Smart TV 42','ME580-01',597.45,14.58,4,'Occup of pk-up/van injured in collision w hv veh in traf',96,NULL),(71,'Smart TV 42','S6220-44',625.26,13.10,4,'Staphylococcal arthritis, unspecified knee',706,NULL),(72,'plancha','JB288-97',951.74,15.31,8,'Ciguatera fish poisoning, assault, subsequent encounter',882,NULL),(73,'Smart TV 32','6D327-11',882.91,11.48,7,'Toxic effect of unspecified metal, assault, init encntr',461,NULL),(74,'Smart TV 42','L4188-52',172.54,13.17,2,'Burn of first degree of unspecified palm',987,NULL),(75,'comedor','KH089-63',846.20,19.71,8,'Drown while in swimming pool, undetermined intent, subs',978,NULL),(76,'cama','2R111-46',741.49,11.52,10,'Effusion, unspecified hip',223,NULL),(77,'cama','AL148-67',682.88,11.33,8,'Nondisplaced bicondylar fracture of right tibia',584,NULL),(78,'Laptop','QT112-09',208.11,10.75,1,'Puncture wound w/o foreign body of left upper arm, subs',384,NULL),(79,'comedor','EW724-18',622.91,18.96,3,'Sunburn, unspecified',325,NULL),(80,'Smart TV 32','5G481-84',806.38,16.76,4,'Displ transverse fx shaft of r ulna, 7thC',889,NULL),(81,'Laptop','O9942-49',719.54,10.71,4,'Unsp open wound of r little finger w damage to nail, subs',137,NULL),(82,'comedor','QM985-05',403.65,10.94,6,'Oth injury of unspecified vertebral artery, init encntr',473,NULL),(83,'comedor','6T408-45',502.88,14.93,11,'Hurricane, sequela',698,NULL),(84,'cama','0V752-90',907.40,14.65,9,'Other injury of muscle, fascia and tendon of lower back',186,NULL),(85,'comedor','X1605-09',571.60,18.08,5,'Traum rupt of volar plate of l lit fngr at MCP/IP jt, sqla',753,NULL),(86,'Secadora','P9782-62',709.11,18.05,11,'Abrasion of left ear, initial encounter',60,NULL),(87,'plancha','NZ158-13',615.15,13.38,11,'Anemia in chronic diseases classified elsewhere',959,NULL),(88,'Smart TV 32','EC848-27',631.99,13.36,10,'Injury of ulnar nerve at upper arm level, left arm, subs',323,NULL),(89,'Televisora','Q2836-60',451.09,14.58,2,'Caught, crushed, jammed or pinched in or between objects',780,NULL),(90,'Secadora','8I493-74',741.65,19.18,2,'Prsn outsd pk-up/van inj in clsn w 2/3-whl mv nontraf, init',389,NULL),(91,'Laptop','85371-56',516.73,11.47,9,'Laceration without foreign body of left wrist, subs encntr',70,NULL),(92,'Smart TV 64','9A884-69',648.24,19.68,1,'Family history of human immunodeficiency virus [HIV] disease',318,NULL),(93,'Smart TV 32','A0469-12',594.62,18.44,8,'Postimmunization arthropathy, left knee',61,NULL),(94,'Lavadora','0O595-09',779.12,15.03,1,'Disorders of carnitine metabolism',303,NULL),(95,'Lavadora','FN998-60',623.41,16.51,1,'Contact with other commercial machinery',300,NULL),(96,'plancha','CX053-72',565.64,15.73,8,'Traum hemor left cerebrum w LOC of unsp duration, sequela',639,NULL),(97,'Laptop','XD712-63',102.02,18.80,2,'Atherosclerosis of CABG w unstable angina pectoris',841,NULL),(98,'Laptop','2K599-81',504.77,15.54,9,'Monteggia\'s fx r ulna, subs for opn fx type I/2 w delay heal',171,NULL),(99,'cama','EL590-59',253.34,18.05,6,'Nondisplaced Rolando\'s fracture, unspecified hand',866,NULL),(100,'Smart TV 64','RM958-08',137.23,17.54,7,'Toxic effect of contact with other venomous marine animals',621,NULL),(101,'comedor','4C061-93',205.57,11.83,11,'Oth physl fx upper end humer, r arm, subs for fx w malunion',178,NULL),(102,'Lavadora','AE499-51',450.22,12.53,6,'Cyclical vomiting, intractable',232,NULL),(103,'Smart TV 64','FY834-86',342.89,18.02,1,'Other contact with pig, subsequent encounter',139,NULL),(104,'Lavadora','TL797-88',877.29,10.91,7,'Unsp pulmonary hemorrhage origin in the perinatal period',845,NULL),(105,'Refrigeradora','JG361-54',918.14,15.37,4,'Person outsd 3-whl mv inj in clsn w nonmtr veh in traf, init',453,NULL),(106,'Laptop','76260-81',779.05,18.96,2,'Subluxation of proximal interphalangeal joint of unsp finger',594,NULL),(107,'Refrigeradora','R5572-78',892.14,11.55,6,'Forced landing of commrcl fix-wing arcrft inj occ, sequela',905,NULL),(108,'Televisora','UZ349-26',154.33,13.00,9,'Insufficient sleep syndrome',977,NULL),(109,'Secadora','O6221-27',676.22,18.75,8,'Unspecified foreign body in bronchus',52,NULL),(110,'Smart TV 42','3M348-80',981.91,17.24,9,'Genetic susceptibility to malignant neoplasm',393,NULL),(111,'Televisora','D5801-98',954.20,11.37,8,'Descemetocele',492,NULL),(112,'cama','CY367-66',447.23,19.99,5,'Abrasion, unspecified knee, sequela',717,NULL),(113,'Laptop','W5543-11',485.57,12.12,5,'Open bite, left ankle, initial encounter',762,NULL),(114,'Laptop','ES389-73',424.45,11.90,3,'Maternal care for anti-D antibodies, first tri, fetus 2',330,NULL),(115,'Refrigeradora','D7027-10',318.55,19.97,2,'Burn of first deg mult sites of shldr/up lmb, except wrs/hnd',453,NULL),(116,'Refrigeradora','UU340-72',864.88,10.04,3,'Toxic effect of venom of brown recluse spider, undet, subs',125,NULL),(117,'Televisora','V3514-99',528.61,10.72,7,'Hypertrichosis of left lower eyelid',376,NULL),(118,'Laptop','QO026-34',452.24,15.31,4,'Unspecified open wound of right upper arm, subs encntr',103,NULL),(119,'Secadora','79256-72',736.39,13.71,2,'Inj radial artery at forearm level, unsp arm, subs encntr',796,NULL),(120,'Smart TV 42','BN017-11',836.25,14.69,6,'Mineralocorticoids and their antagonists',194,NULL),(121,'Lavadora','IX069-49',449.24,10.75,10,'Poisoning by antidiarrheal drugs, undetermined, subs encntr',164,NULL),(122,'Smart TV 32','F2989-03',208.10,10.32,10,'Hypotony of eye due to other ocular disorders, unsp eye',775,NULL),(123,'Televisora','4W487-29',373.19,15.98,5,'Toxic effect of unsp corrosive substance, accidental, init',534,NULL),(124,'Secadora','M8178-93',489.54,11.60,2,'Lichen ruber moniliformis',114,NULL),(125,'plancha','1Y311-04',693.16,11.48,7,'Exfoliative dermatitis',495,NULL),(126,'Refrigeradora','YV102-73',679.41,19.12,7,'Sprain of metacarpophalangeal joint of right ring finger',316,NULL),(127,'Smart TV 42','1Z048-91',111.71,12.86,8,'Nondisp avulsion fx right ischium, subs for fx w nonunion',320,NULL),(128,'cama','T3011-16',272.20,18.46,7,'Gastric contents in trachea causing asphyxiation, sequela',467,NULL),(129,'Televisora','8T323-44',154.97,19.68,10,'Superficial foreign body, right lesser toe(s), init encntr',727,NULL),(130,'Smart TV 64','75673-76',549.55,15.83,5,'Obturator dislocation of right hip, sequela',102,NULL),(131,'Televisora','TM284-77',368.20,12.00,1,'Pathological fracture, right toe(s)',185,NULL),(132,'Lavadora','DT769-56',637.79,19.61,2,'Other subluxation of right shoulder joint, initial encounter',622,NULL),(133,'Smart TV 32','GJ360-46',838.63,16.31,6,'Nondisp subtrochnt fx unsp femr, subs for clos fx w malunion',538,NULL),(134,'Secadora','05690-65',266.45,16.92,3,'Unsp fx head of left femur, subs for clos fx w routn heal',656,NULL),(135,'Refrigeradora','1D500-98',492.65,17.95,9,'Milt op involving unsp fire/conflagr/hot subst, milt',405,NULL),(136,'plancha','U6623-16',345.78,11.30,1,'Contusion of unsp little finger w damage to nail, subs',668,NULL),(137,'Refrigeradora','QV855-25',125.44,18.81,3,'Partial traumatic amputation of unspecified midfoot',520,NULL),(138,'Smart TV 64','HA366-83',682.70,14.62,4,'Contact with duck',553,NULL),(139,'Laptop','AU409-24',391.83,14.70,7,'Disorder of amniotic fluid and membrns, unsp, second tri',471,NULL),(140,'plancha','QQ432-46',257.42,11.64,5,'Minor laceration of unspecified internal jugular vein',763,NULL),(141,'plancha','2W573-70',920.53,12.85,2,'Disorder of male genital organs, unspecified',941,NULL),(142,'cama','PJ624-87',809.11,17.35,1,'Laceration with foreign body of left buttock, init encntr',339,NULL),(143,'Televisora','HH312-03',950.69,10.05,9,'Other subluxation of left foot, sequela',248,NULL),(144,'Televisora','NX376-89',680.75,17.69,3,'Unspecified physeal fracture of right metatarsal, 7thP',761,NULL),(145,'Refrigeradora','WC167-36',870.32,14.01,6,'Postthrom syndrome w ulcer and inflammation of l low extrem',398,NULL),(146,'Televisora','PJ154-19',663.48,16.26,9,'Oth disrd of synovium and tendon, unspecified hand',195,NULL),(147,'Lavadora','WN096-47',598.21,14.56,6,'Major laceration of right vertebral artery',711,NULL),(148,'Secadora','0B676-60',352.51,10.03,7,'Anaplastic large cell lymphoma, ALK-neg, intrapelv nodes',458,NULL),(149,'Lavadora','GV239-24',382.99,16.26,9,'Path fx in neopltc dis, unsp foot, subs for fx w routn heal',141,NULL),(150,'Refrigeradora','VX577-75',245.80,13.90,8,'Fx unsp part of neck of l femur, subs for clos fx w malunion',439,NULL),(151,'Smart TV 42','Y6491-71',948.05,13.36,10,'Burns of 40-49% of body surfc w 0% to 9% third degree burns',470,NULL),(152,'Smart TV 32','I5191-28',723.37,16.02,3,'Inj unsp musc/tend at lower leg level, right leg, subs',539,NULL),(153,'plancha','NU480-64',532.34,18.25,8,'Sltr-haris Type III physl fx lower end humer, unsp arm, 7thP',312,NULL),(154,'cama','OO822-64',499.93,17.74,3,'Corrosion of second degree of left lower leg',767,NULL),(155,'Smart TV 32','4J109-60',452.84,18.69,6,'Blister (nonthermal), unspecified ankle, initial encounter',87,NULL),(156,'Laptop','S8657-51',188.46,11.68,8,'Suprvsn of preg rslt from assisted reprodctv tech, unsp tri',826,NULL),(157,'Laptop','WI929-12',258.36,18.22,11,'Kaschin-Beck disease, knee',843,NULL),(158,'Smart TV 32','6C859-80',250.37,17.95,6,'External constriction of other part of head',146,NULL),(159,'cama','MR863-06',514.09,11.00,6,'Intraop hemor/hemtom of ear/mastd comp a proc on ear/mastd',896,NULL),(160,'Smart TV 32','MJ615-90',875.21,12.31,8,'Other ehrlichiosis',822,NULL),(161,'plancha','EC404-97',288.12,15.01,1,'War op w indirect blast effect of nuclear weapon, civilian',810,NULL),(162,'Smart TV 42','A7786-77',745.08,11.52,8,'Calcific tendinitis, lower leg',822,NULL),(163,'cama','7E497-59',759.46,10.69,8,'Oth disrd of bone density and structure, left thigh',309,NULL),(164,'plancha','3H355-95',606.92,10.02,6,'Disp fx of body of scapula, l shldr, subs for fx w nonunion',460,NULL),(165,'plancha','EZ416-77',816.76,19.92,6,'Bullous disorders in diseases classified elsewhere',843,NULL),(166,'Smart TV 42','57831-67',271.31,12.33,5,'Mult fx of pelv w/o disrupt of pelv ring, 7thG',935,NULL),(167,'cama','SR949-75',996.90,18.74,7,'Poisoning by rifampicins, assault',251,NULL),(168,'Smart TV 64','YN614-70',529.12,16.87,10,'Hypertrichosis of right lower eyelid',513,NULL),(169,'Smart TV 42','73459-17',392.57,12.30,3,'Drug-induced chronic gout, right elbow, without tophus',643,NULL),(170,'Secadora','FB275-28',707.37,19.63,9,'Laceration of left kidney, unspecified degree',70,NULL),(171,'Televisora','YI665-90',461.56,10.35,9,'Posterior dislocation of right ulnohumeral joint, subs',894,NULL),(172,'Secadora','GX190-93',146.83,11.08,4,'Nondisp seg fx shaft of l fibula, 7thQ',340,NULL),(173,'Smart TV 64','O5545-01',744.94,12.73,8,'Burn of first degree of left foot',927,NULL),(174,'Televisora','HK606-38',856.62,11.74,4,'Combined forms of age-related cataract, unspecified eye',216,NULL),(175,'Smart TV 64','8Y509-08',344.68,14.70,4,'Unsp mtrcy rider injured in clsn w ped/anml nontraf, subs',858,NULL),(176,'Televisora','J5838-00',579.26,17.46,10,'Puncture wound without foreign body, left foot, init encntr',514,NULL),(177,'Lavadora','YV421-81',706.16,19.00,1,'Posterior disloc of proximal end of tibia, r knee, sequela',957,NULL),(178,'Secadora','Z6241-61',644.77,14.09,3,'Nondisp fx of trapezium, r wrist, subs for fx w delay heal',212,NULL),(179,'Refrigeradora','TP970-69',114.29,19.43,5,'Oth fx upr end r ulna, 7thN',774,NULL),(180,'Laptop','WN617-30',673.80,16.69,9,'Bitten by turtle',883,NULL),(181,'cama','MZ522-09',800.37,11.83,7,'Corrosion of second degree back of left hand',199,NULL),(182,'plancha','3Z449-05',979.90,18.82,10,'Nondisp fx of body of scapula, right shoulder, init',884,NULL),(183,'cama','EZ517-21',460.77,10.96,11,'Other specified osteochondropathies, right forearm',132,NULL),(184,'Smart TV 64','IG861-38',565.53,16.70,6,'Other fracture of fourth lumbar vertebra, sequela',553,NULL),(185,'Secadora','2O705-94',390.01,16.74,8,'Dislocation of T9/T10 thoracic vertebra, initial encounter',184,NULL),(186,'Refrigeradora','VZ467-27',699.21,13.64,6,'Unsp inj blood vessels at hip and thi lev, left leg, subs',31,NULL),(187,'Smart TV 42','OK495-21',561.70,19.12,11,'Displaced dome fracture of right talus, sequela',898,NULL),(188,'Televisora','PX376-26',791.59,14.60,11,'Nondisp avuls fracture (chip fracture) of right talus, init',470,NULL),(189,'Smart TV 42','J6500-85',624.58,12.31,10,'Athscl nonaut bio bypass of the extrm w gangrene, oth extrm',832,NULL),(190,'Smart TV 64','31999-39',827.15,17.64,10,'Displaced avulsion fx tuberosity of unsp calcaneus, sequela',412,NULL),(191,'comedor','T8289-79',823.56,15.41,6,'Unspecified disorder of synovium and tendon, hand',649,NULL),(192,'comedor','AS803-46',600.51,10.21,2,'Displaced fracture of greater trochanter of left femur',982,NULL),(193,'Smart TV 64','GQ088-93',814.15,17.16,2,'Nondisp dome fx unsp talus, subs for fx w routn heal',951,NULL),(194,'Smart TV 64','GS757-33',146.80,13.20,5,'Unsp inj musc/fasc/tend at wrs/hnd lv, unsp hand, sequela',103,NULL),(195,'Smart TV 32','LG335-81',187.98,13.55,4,'Fall same lev fr slip/trip w strk agnst unsp sharp obj, subs',41,NULL),(196,'Smart TV 64','EN140-39',925.54,16.33,9,'Birth injury to external genitalia',222,NULL),(197,'Laptop','K2169-22',517.08,18.09,2,'Nondisp suprcndl fx w intrcndl extn low end r femr, 7thJ',177,NULL),(198,'Televisora','UK605-55',622.35,16.21,11,'Traum subrac hem w/o loss of consciousness, init',409,NULL),(199,'Lavadora','QP055-67',459.46,10.13,5,'Stress fracture, left foot, subs for fx w routn heal',260,NULL),(200,'Televisora','H2989-65',738.07,11.06,1,'Puncture wound with foreign body of nose, sequela',104,NULL),(201,'Smart TV 64','1X540-86',346.23,17.20,2,'Person outside hv veh inj in clsn w pedl cyc in traf, subs',686,NULL),(202,'Smart TV 32','F1707-19',737.32,17.91,2,'Contusion of left shoulder, subsequent encounter',191,NULL),(203,'Smart TV 64','C5904-49',395.96,14.73,9,'Other specified effects of reduced temperature, sequela',496,NULL),(204,'Lavadora','PY615-13',683.16,10.67,11,'Disp fx of anterior process of unsp calcaneus, init',517,NULL),(205,'Smart TV 42','XS897-12',209.22,16.65,2,'Poisoning by other synthetic narcotics, assault',922,NULL),(206,'comedor','S4801-97',966.64,11.00,3,'Traum hemor left cerebrum w LOC of 6 hours to 24 hours, init',358,NULL),(207,'Smart TV 64','G3279-90',152.49,11.27,3,'Insect bite (nonvenomous), left knee, subsequent encounter',414,NULL),(208,'Refrigeradora','4J397-75',968.51,11.20,9,'Traum subdr hem w LOC of 30 minutes or less',430,NULL),(209,'Smart TV 42','I8257-79',499.94,16.99,10,'Foreign body in conjunctival sac, unspecified eye',984,NULL),(210,'Smart TV 42','O2579-70',995.56,16.08,9,'Intcran inj w LOC >24 hr w/o ret consc w surv, init',719,NULL),(211,'Secadora','XG086-03',187.29,18.82,2,'Poisoning by anterior pituitary hormones, undetermined, init',591,NULL),(212,'Secadora','3V891-18',160.34,13.77,11,'Pnctr of abd wall w/o fb, l upr q w/o penet perit cav',300,NULL),(213,'Lavadora','OS833-72',796.23,12.16,1,'Other water transport accident, sequela',16,NULL),(214,'Televisora','RT999-85',201.10,14.48,1,'Gastric contents in larynx causing asphyxiation, init encntr',558,NULL),(215,'Refrigeradora','RN798-44',599.57,10.96,7,'Expsr to industr wiring, appliances & electrical mach, init',345,NULL),(216,'plancha','9O162-25',161.70,16.09,9,'Disp fx of pisiform, right wrist, subs for fx w malunion',894,NULL),(217,'Refrigeradora','YU265-40',325.44,19.69,10,'Burn of first degree of unspecified ear, initial encounter',818,NULL),(218,'Laptop','Z7694-26',600.39,13.59,1,'Disp fx of base of 3rd MC bone, r hand, 7thP',309,NULL),(219,'Laptop','R0561-65',369.12,14.63,5,'Disp fx of greater tuberosity of unsp humerus, sequela',903,NULL),(220,'Laptop','IS871-53',411.69,10.64,7,'Oth comp specific to multiple gest, first trimester, fetus 4',58,NULL),(221,'Televisora','K3605-43',514.25,17.89,8,'Nondisp transverse fx shaft of unsp tibia, 7thQ',524,NULL),(222,'Televisora','TA349-38',738.71,16.01,11,'Disp fx of nk of r rad, 7thF',977,NULL),(223,'Smart TV 42','OX525-75',341.76,16.52,2,'Sprain of unspecified part of wrist and hand',927,NULL),(224,'cama','HL334-44',986.43,15.55,11,'Chalazion unspecified eye, unspecified eyelid',42,NULL),(225,'Laptop','NH419-61',867.16,10.54,7,'Sprain of unspecified rotator cuff capsule, sequela',711,NULL),(226,'Refrigeradora','RZ906-78',752.32,14.13,4,'Driver of bus injured in clsn w rail trn/veh nontraf, subs',157,NULL),(227,'Smart TV 64','KK537-51',970.37,10.96,3,'Contusion of breast, unspecified breast, initial encounter',939,NULL),(228,'Lavadora','RN648-28',453.30,15.61,4,'Occupant of anml-drn vehicle injured in collision w ped/anml',55,NULL),(229,'Smart TV 64','WS088-48',103.22,17.77,9,'Laceration of blood vessels at shldr/up arm, left arm, init',654,NULL),(230,'Laptop','2D185-35',224.35,17.31,10,'Greenstick fracture of shaft of humerus, right arm, sequela',721,NULL),(231,'plancha','MC673-33',677.48,12.52,8,'Unspecified open wound of vocal cord',994,NULL),(232,'cama','QF528-26',376.72,14.58,10,'Toxic effect of other seafood, assault, initial encounter',569,NULL),(233,'Laptop','3O754-42',679.31,14.93,10,'Nondisp spiral fx shaft of l fibula, 7thF',555,NULL),(234,'Secadora','ZS021-25',121.79,14.70,2,'Type 1 diab with mild nonp rtnop with macular edema, unsp',790,NULL),(235,'Lavadora','G0702-38',652.70,14.83,6,'Complete traumatic amputation at left hip joint, init encntr',786,NULL),(236,'plancha','S9499-19',741.09,16.89,1,'Nondisp fx of lesser trochanter of right femur, init',913,NULL),(237,'Refrigeradora','01552-55',657.00,15.88,2,'Maternal care for anti-D antibodies, second tri, fetus 5',597,NULL),(238,'Smart TV 32','QW853-81',895.04,10.18,1,'Laceration w fb of l rng fngr w damage to nail, subs',461,NULL),(239,'Laptop','GS005-17',401.46,14.02,1,'Sprain of deltoid ligament of right ankle, initial encounter',635,NULL),(240,'plancha','0O993-85',414.34,13.71,5,'Congenital malformations of adrenal gland',174,NULL),(241,'Smart TV 42','9B239-81',451.46,19.53,4,'Other fracture of upper end of unspecified ulna',908,NULL),(242,'Laptop','4L230-46',302.89,13.58,8,'Brown-Sequard syndrome at C5 level of cervical spinal cord',589,NULL),(243,'Smart TV 32','Z4711-35',718.47,12.81,9,'Glaucomatous optic atrophy, right eye',687,NULL),(244,'Laptop','UD374-56',120.03,14.54,3,'Military op w oth effects of nuclear weapons, milt, subs',537,NULL),(245,'cama','KN648-30',585.84,16.60,9,'Oth fx upr end r ulna, 7thF',919,NULL),(246,'Secadora','8X338-05',694.05,10.87,5,'Phlebitis and thrombophlebitis of tibial vein, bilateral',308,NULL),(247,'Televisora','83276-40',957.57,14.05,9,'Valgus deformity, not elsewhere classified, unspecified knee',77,NULL),(248,'Smart TV 42','7K349-64',158.12,15.50,2,'Passenger of amblnc/fire eng injured in traffic accident',477,NULL),(249,'Refrigeradora','EH310-17',144.85,17.83,8,'Poisoning by oth synthetic narcotics, self-harm, subs',379,NULL),(250,'Smart TV 64','CL909-40',674.28,19.04,3,'Nondisp fx of nk of l rad, 7thR',578,NULL),(251,'Laptop','V5924-14',987.85,15.58,3,'Unsp fx upr end r ulna, 7thE',295,NULL),(252,'Smart TV 42','Q4220-92',272.17,13.16,5,'External constriction of left front wall of thorax',150,NULL),(253,'cama','CQ730-75',376.84,16.25,2,'Contus/lac/hem crblm w/o loss of consciousness, sequela',911,NULL),(254,'Refrigeradora','0N560-65',186.52,14.95,10,'Vaccinia not from vaccine',991,NULL),(255,'comedor','0K560-25',582.36,12.21,10,'Nondisp fx of epiphy (separation) (upper) of r femr, 7thF',790,NULL),(256,'Refrigeradora','QP104-04',610.58,10.29,7,'Abrasion of anus',224,NULL),(257,'Secadora','EO340-68',722.28,13.58,10,'Displ avulsion fracture (chip fracture) of right talus, init',561,NULL),(258,'Televisora','YD878-16',876.71,18.94,8,'Diaphragmatic hernia without obstruction or gangrene',828,NULL),(259,'Secadora','0T286-10',359.44,11.35,2,'Unspecified injury of femoral artery, right leg, subs encntr',533,NULL),(260,'Televisora','6J672-33',285.74,19.40,5,'Occup of snowmobile injured in nontraffic accident, sequela',771,NULL),(261,'plancha','EN433-53',354.62,19.92,7,'Prsn brd/alit hv veh injured in collision w 2/3-whl mv',598,NULL),(262,'Refrigeradora','5Y715-46',163.33,18.17,9,'Complications specific to multiple gestation',10,NULL),(263,'Smart TV 64','E2669-47',832.98,19.57,5,'Maternal care for Anti-A sensitization, unsp tri, fetus 5',366,NULL),(264,'Smart TV 32','QW853-20',883.96,11.43,7,'Unsp injury of shoulder and upper arm, unspecified arm',44,NULL),(265,'Smart TV 64','TR278-33',504.82,15.96,4,'Other specified injuries of unspecified foot, sequela',849,NULL),(266,'Smart TV 32','6U118-50',645.40,13.62,8,'Nondisp oblique fx shaft of unsp fibula, 7thM',437,NULL),(267,'Secadora','NV047-20',742.88,17.35,8,'Decreased fetal movements, unspecified trimester, fetus 3',822,NULL),(268,'Smart TV 32','H8097-39',702.51,12.43,9,'Other bursitis, not elsewhere classified, unspecified hand',821,NULL),(269,'Laptop','6W557-22',293.22,17.97,8,'Ped on sktbrd injured in collision w pedl cyc, unsp, subs',946,NULL),(270,'Lavadora','XY054-53',618.60,17.24,10,'Laceration without foreign body of oral cavity',634,NULL),(271,'comedor','IM929-52',689.52,18.73,2,'Cellulitis and acute lymphangitis of other sites',440,NULL),(272,'Lavadora','N1929-37',596.85,15.59,8,'Nondisp suprcndl fx w/o intrcndl extn low end l femr, 7thP',125,NULL),(273,'comedor','ZX162-30',710.56,15.37,11,'Disp fx of base of fifth metacarpal bone. left hand, sequela',376,NULL),(274,'comedor','1F558-01',817.56,13.02,6,'Nondisp seg fx shaft of unsp femr, 7thE',886,NULL),(275,'Secadora','H9310-11',322.94,11.64,2,'Nondisp seg fx shaft of unsp fibula, 7thN',402,NULL),(276,'Laptop','VA259-17',886.73,19.65,7,'Dislocation of distal interphaln joint of right thumb, init',744,NULL),(277,'comedor','LG860-97',207.92,18.27,9,'Mech compl of muscle and tendon graft, initial encounter',429,NULL),(278,'Secadora','6J590-08',369.40,19.61,5,'Disorders of glossopharyngeal nerve',706,NULL),(279,'cama','8E067-36',958.40,14.69,7,'Crushing inj unsp part(s) of r wrist, hand and fingers, subs',203,NULL),(280,'Laptop','IU630-74',496.90,15.02,5,'Congenital absence of l up arm and forearm w hand present',824,NULL),(281,'Smart TV 42','89164-25',743.34,16.51,5,'Enophthalmos due to atrophy of orbital tissue, right eye',137,NULL),(282,'cama','C4187-81',825.23,17.34,9,'Extramedullary plasmacytoma in remission',16,NULL),(283,'cama','P3708-75',539.66,16.77,9,'Sprain of MCP joint of right ring finger, sequela',137,NULL),(284,'Smart TV 32','UO988-71',177.71,14.11,11,'4-part fx surg neck of unsp humer, subs for fx w delay heal',748,NULL),(285,'Televisora','9B299-86',353.53,11.41,10,'Injury of radial nerve at forearm level, right arm, init',629,NULL),(286,'Televisora','CL123-91',742.69,13.97,10,'Corrosion of unspecified degree of ankle',493,NULL),(287,'Refrigeradora','OO229-16',923.45,14.47,5,'Nondisp suprcndl fx w/o intrcndl extn lower end l femr, init',134,NULL),(288,'comedor','8V237-49',141.72,13.72,9,'Posterior dislocation of l acromioclav jt, sequela',781,NULL),(289,'cama','42660-62',735.70,12.56,11,'Poisoning by ganglionic blocking drugs, accidental, sequela',721,NULL),(290,'cama','OZ681-34',422.57,11.52,5,'Inj extn/abdr musc/fasc/tend of r thm at forarm lv, init',163,NULL),(291,'cama','19929-04',643.78,18.24,9,'Premature separation of placenta, unspecified',925,NULL),(292,'cama','JF492-26',247.28,15.80,1,'Sprain of deltoid ligament of unspecified ankle, sequela',218,NULL),(293,'comedor','YU506-80',737.95,16.32,5,'Juvenile rheumatoid arthritis w systemic onset, unsp elbow',807,NULL),(294,'Refrigeradora','JI135-56',225.33,19.37,5,'Disp fx of proximal phalanx of l rng fngr, init for opn fx',735,NULL),(295,'Refrigeradora','GY279-95',922.85,13.34,9,'Malignant melanoma of unsp upper limb, including shoulder',768,NULL),(296,'cama','2H669-98',402.42,14.48,6,'Other birth injuries to skull',440,NULL),(297,'comedor','ZD492-22',119.36,18.77,6,'Burn 2nd deg mul sites of right shldr/up lmb, except wrs/hnd',194,NULL),(298,'Lavadora','I6442-60',200.28,13.36,8,'Oth injury of deep palmar arch of right hand, subs encntr',314,NULL),(299,'Laptop','OQ243-68',945.74,15.29,2,'Nondisp unsp fx right great toe, subs for fx w nonunion',465,NULL),(300,'comedor','2S652-08',801.53,15.56,1,'Nondisp fx of med condyle of r humer, 7thD',453,NULL),(301,'Televisora','7V056-48',910.95,14.98,11,'Unsp injury of oth blood vessels of thorax, right side, init',452,NULL),(302,'plancha','IK030-12',315.44,19.39,10,'Injury of digital nerve of unspecified thumb, subs encntr',342,NULL),(303,'Secadora','FU054-29',534.35,12.41,11,'Sublux of proximal interphaln joint of r little finger, subs',249,NULL),(304,'Lavadora','LQ080-54',596.55,14.14,8,'Superficial thrombophlebitis in pregnancy, unsp trimester',232,NULL),(305,'Televisora','13520-34',437.34,17.13,3,'Non-pressure chronic ulcer of ankle',97,NULL),(306,'Smart TV 32','YT489-78',745.27,11.46,11,'Other specified injuries of unspecified foot',204,NULL),(307,'Laptop','EW656-21',624.84,10.94,1,'Burn first deg of shldr/up lmb, ex wrs/hnd, unsp site, sqla',641,NULL),(308,'Smart TV 42','M0088-07',423.37,18.57,10,'Unsp trochanteric fracture of unsp femur, init for clos fx',857,NULL),(309,'Smart TV 42','NZ673-77',292.28,14.39,1,'Hodgkin lymphoma, unspecified, unspecified site',459,NULL),(310,'Lavadora','4G629-59',333.85,12.12,10,'Milt op w unintent restrict of air/airwy, civilian, init',742,NULL),(311,'Lavadora','MN956-87',124.43,17.28,7,'Atrophy of globe',359,NULL),(312,'Refrigeradora','5M114-03',628.91,19.31,10,'Underdosing of antipruritics, sequela',376,NULL),(313,'Lavadora','9R265-44',421.43,13.57,5,'Nondisp seg fx shaft of unsp femr, 7thN',14,NULL),(314,'Smart TV 64','GL907-86',173.40,13.71,5,'Burns of 80-89% of body surface w 30-39% third degree burns',998,NULL),(315,'Smart TV 32','RX727-98',536.54,10.69,3,'Unstable burst fracture of third thoracic vertebra, init',602,NULL),(316,'Televisora','M1579-12',345.65,17.24,3,'Mechanical ectropion of right upper eyelid',612,NULL),(317,'Smart TV 42','BM318-11',301.07,10.69,3,'Disp fx of prox phalanx of r idx fngr, 7thK',276,NULL),(318,'Smart TV 32','9S535-39',842.10,19.30,4,'Disp fx of lesser tuberosity of left humerus, init',264,NULL),(319,'Televisora','B6295-98',668.78,15.10,1,'Pedl cyc passenger injured in clsn w oth mv in traf, init',634,NULL),(320,'comedor','I9007-28',507.11,11.16,10,'Poisn by unsp prim systemic and hematolog agent, undet, init',504,NULL),(321,'Smart TV 42','LQ662-40',718.51,13.35,11,'Drown due to oth powered watercraft sinking',765,NULL),(322,'cama','JV416-36',261.21,19.44,2,'Breakdown of indwelling urethral catheter, sequela',259,NULL),(323,'Smart TV 32','NA283-19',168.95,13.59,9,'Unsp fx shaft of unsp rad, 7thJ',749,NULL),(324,'Secadora','HZ568-27',438.78,17.28,5,'Strain flexor musc/fasc/tend r idx fngr at forarm lv, sqla',133,NULL),(325,'Smart TV 42','FZ353-79',748.15,19.30,6,'Thiamine deficiency, unspecified',727,NULL),(326,'Refrigeradora','OQ050-16',752.64,16.87,6,'Corrosion of second degree of right ankle and foot, subs',82,NULL),(327,'Smart TV 64','30516-45',665.15,11.50,7,'Struck by other marine mammals, sequela',582,NULL),(328,'Secadora','P6541-15',287.39,13.45,9,'Unsp mtrcy rider injured in clsn w 2/3-whl mv in traf, init',720,NULL),(329,'Laptop','HA349-89',774.00,10.84,8,'Struck by hit or thrown ball',552,NULL),(330,'Smart TV 64','2L537-71',852.68,13.26,6,'Personal history of pre-term labor',206,NULL),(331,'Smart TV 42','54900-25',910.98,11.39,2,'Sister, perpetrator of maltreatment and neglect',967,NULL),(332,'Laptop','8A568-12',341.37,15.10,3,'Burn of first degree of unsp mult fingers (nail), inc thumb',167,NULL),(333,'Smart TV 64','H4598-88',308.11,13.98,2,'Pathological fracture, other site, sequela',57,NULL),(334,'Smart TV 42','G6024-97',882.69,11.25,5,'Unsp intracranial injury w/o loss of consciousness, sequela',561,NULL),(335,'Smart TV 64','AD930-30',856.65,15.33,6,'Mech compl of other cardiac electronic device, subs encntr',287,NULL),(336,'Smart TV 42','NB876-37',386.70,11.82,4,'Mech compl of oth cardiac and vascular devices and implants',100,NULL),(337,'comedor','6E590-02',195.54,11.13,4,'Maternal care for oth abnlt of pelvic organs, third tri',605,NULL),(338,'Televisora','L2207-38',978.44,10.00,9,'Injury of median nerve at wrist and hand level of right arm',83,NULL),(339,'Lavadora','HE267-92',673.12,16.33,11,'Breakdown of indwelling urethral catheter, sequela',451,NULL),(340,'Lavadora','T2764-00',310.31,11.66,6,'Underdosing of angiotens-convert-enzyme inhibitors, sequela',180,NULL),(341,'cama','DK752-13',300.49,12.94,7,'Displacement of intrauterine contraceptive device',293,NULL),(342,'Secadora','YE658-63',734.65,15.46,1,'Sltr-haris Type III physl fx lower end humer, unsp arm, 7thP',770,NULL),(343,'Lavadora','RG556-83',477.85,17.71,3,'Adverse effect of thyroid hormones and substitutes',641,NULL),(344,'Secadora','ZI718-21',173.03,10.35,5,'Idio cysts of iris, ciliary body or ant chamber, left eye',165,NULL),(345,'Smart TV 42','98231-56',958.58,16.09,6,'Toxic effect of unsp organic solvent, assault, subs encntr',424,NULL),(346,'comedor','L9080-53',415.16,13.41,10,'Maternal care for hydrops fetalis, third trimester, fetus 4',80,NULL),(347,'comedor','62282-14',359.21,14.81,1,'Pedl cyc passenger injured in clsn w oth mv in traf, subs',788,NULL),(348,'cama','4U187-47',891.80,10.76,5,'Malignant melanoma of eyelid, including canthus',864,NULL),(349,'Refrigeradora','YA631-12',991.82,17.29,6,'Digestants',919,NULL),(350,'Refrigeradora','EI895-50',280.65,11.26,5,'Encounter for adjustment and management of cardiac device',146,NULL),(351,'Refrigeradora','HG055-22',397.04,11.74,7,'Injury of msl/tnd lng flexor muscle of toe at ank/ft level',424,NULL),(352,'Lavadora','7A664-66',618.45,18.26,8,'Basal cell carcinoma skin/ unsp upper limb, inc shoulder',679,NULL),(353,'Refrigeradora','CR583-11',805.74,18.09,5,'Lac w/o fb of back wall of thorax w/o penet thoracic cavity',84,NULL),(354,'Televisora','CI301-10',252.56,18.26,9,'Oth fracture of left acetabulum, init for clos fx',57,NULL),(355,'Lavadora','B1566-53',988.25,11.33,11,'Toxic effect of carb monx from mtr veh exhaust, accidental',7,NULL),(356,'Smart TV 32','UB735-08',399.08,14.18,2,'Malignant neoplasm of right renal pelvis',769,NULL),(357,'Smart TV 32','SO235-60',387.96,15.08,7,'Strain of muscle, fascia and tendon at neck level, sequela',415,NULL),(358,'Televisora','7P853-21',629.02,17.23,6,'Nondisp bimalleol fx r low leg, subs for clos fx w nonunion',78,NULL),(359,'Secadora','BX602-32',230.50,12.07,1,'Nondisplaced fracture of third metatarsal bone, right foot',492,NULL),(360,'plancha','SP661-73',451.21,10.56,1,'Nondisp Rolando\'s fracture, l hand, subs for fx w nonunion',8,NULL),(361,'Laptop','O0302-61',279.95,10.77,6,'Path fracture, left finger(s), subs for fx w delay heal',926,NULL),(362,'Refrigeradora','HP388-22',615.27,19.43,10,'Heat exhaustion, anhydrotic, subsequent encounter',130,NULL),(363,'Smart TV 64','G2812-29',421.22,13.27,8,'Major laceration of right pulmonary blood vessels, sequela',488,NULL),(364,'cama','27917-90',481.34,13.54,1,'Displ intartic fx unsp calcaneus, subs for fx w routn heal',185,NULL),(365,'plancha','66183-20',920.67,16.44,5,'Toxic effect of dichloromethane, intentional self-harm, subs',969,NULL),(366,'cama','FF507-82',376.69,13.63,11,'Nondisp fx of navicular of right foot, init for opn fx',204,NULL),(367,'Smart TV 42','SM163-70',422.69,10.98,6,'Pnctr w foreign body of left eyelid and periocular area',573,NULL),(368,'Smart TV 32','GV631-34',195.51,18.29,3,'Other accident with motorized mobility scooter, sequela',405,NULL),(369,'Lavadora','4P961-68',337.07,14.18,1,'Other fracture of lower end of unspecified femur',218,NULL),(370,'Secadora','KV312-94',659.23,15.59,2,'Nondisp suprcndl fx w/o intrcndl extn lower end l femr, init',675,NULL),(371,'Smart TV 32','5X102-88',104.06,10.64,6,'Mech compl of muscle and tendon graft, subsequent encounter',336,NULL),(372,'Televisora','T8301-90',104.99,12.28,9,'Oth paralytic syndrome fol ntrm intcrbl hemor aff unsp side',129,NULL),(373,'comedor','CI833-90',867.90,13.66,3,'Acquired absence of ovaries',629,NULL),(374,'comedor','Y0659-51',389.34,12.05,2,'Encounter for prophylactic fluoride administration',435,NULL),(375,'Refrigeradora','ET389-99',581.46,12.82,5,'Carrier of infectious disease, unspecified',133,NULL),(376,'Refrigeradora','E6195-71',917.29,17.61,5,'Oth injury of blood vessel of left thumb, sequela',820,NULL),(377,'Refrigeradora','UH704-38',625.90,19.00,10,'Pnctr w/o fb of r frnt wl of thorax w penet thor cav, sqla',267,NULL),(378,'Televisora','KR255-54',518.30,19.01,4,'Nondisp fx of distal pole of navic bone of l wrist, sequela',733,NULL),(379,'comedor','GE319-60',905.18,12.20,6,'Displ apophyseal fx unsp femr, 7thJ',793,NULL),(380,'cama','FR410-40',809.00,13.32,5,'Balanced sex/autosomal rearrangement in abnormal individual',637,NULL),(381,'comedor','EO547-56',231.06,10.84,11,'Bariatric surgery status complicating the puerperium',97,NULL),(382,'Secadora','F4643-62',773.08,14.65,11,'Ped on foot injured pick-up truck, pk-up/van, unsp, init',807,NULL),(383,'Smart TV 42','5U204-91',397.37,20.00,4,'Malignant neoplasm of medulla of unspecified adrenal gland',962,NULL),(384,'Televisora','GG144-07',142.43,17.16,1,'Strain musc/tend peroneal grp at low leg lev, r leg, init',963,NULL),(385,'Televisora','EK155-73',893.49,19.87,1,'Osteochondropathy, unspecified, left shoulder',114,NULL),(386,'plancha','DH171-21',398.25,12.10,1,'Acquired absence of thumb and other finger(s)',863,NULL),(387,'Laptop','ME252-44',521.65,15.28,10,'Oth fx upr and low end l fibula, subs for clos fx w nonunion',803,NULL),(388,'Lavadora','U7915-12',885.62,13.46,5,'Oth fx lower end of r ulna, subs for clos fx w delay heal',608,NULL),(389,'comedor','E6715-37',639.69,14.05,1,'Driver injured in collision w oth and unsp mv in traf',870,NULL),(390,'Laptop','5Y911-12',696.80,12.82,3,'Unsp physl fx low end ulna, unsp arm, 7thG',224,NULL),(391,'Refrigeradora','S8084-11',696.90,14.75,4,'Unspecified disorder of synovium and tendon, right shoulder',365,NULL),(392,'cama','JP336-98',809.61,10.33,6,'Mech compl of cranial or spinal infusion catheter, subs',197,NULL),(393,'plancha','AZ823-74',895.27,13.24,9,'Other contact with orca, subsequent encounter',174,NULL),(394,'Lavadora','Z0903-74',384.58,10.77,5,'Laceration w/o fb of right great toe w damage to nail, subs',150,NULL),(395,'Laptop','3Q586-08',556.46,19.75,2,'Rheumatoid bursitis, unspecified site',521,NULL),(396,'Secadora','4U379-74',466.46,14.92,7,'Corrosion of first degree of right palm, initial encounter',805,NULL),(397,'Secadora','91227-48',126.92,14.69,3,'Underdosing of unsp fibrinolysis-affecting drugs, init',376,NULL),(398,'cama','4O462-43',841.67,19.27,9,'Newborn affected by precipitate delivery',906,NULL),(399,'Laptop','8T040-65',287.73,19.77,3,'Antigonadtr/antiestr/antiandrg, not elsewhere classified',434,NULL),(400,'Smart TV 32','D4628-57',348.71,18.10,4,'Rheumatoid bursitis, hand',281,NULL),(401,'comedor','2J743-43',906.52,11.79,10,'Accidental drowning and submersion while in swimming-pool',454,NULL),(402,'Refrigeradora','VV608-23',544.34,14.30,4,'Other chondrocalcinosis, knee',701,NULL),(403,'Secadora','1M036-39',811.76,16.48,1,'Cystic meniscus, posterior horn of lat mensc, left knee',75,NULL),(404,'Televisora','W9647-63',537.39,17.01,2,'Obstructed labor due to malpos and malpresent, unsp, unsp',868,NULL),(405,'Smart TV 42','U2202-06',704.86,15.54,6,'Anticoagulants and antithrombotic drugs',649,NULL),(406,'Smart TV 32','UZ799-51',289.54,19.03,7,'Person outside hv veh inj in clsn w nonmtr vehicle nontraf',634,NULL),(407,'Smart TV 42','FI445-68',645.12,11.10,5,'Subluxation of oth carpometacarpal joint of right hand, subs',625,NULL),(408,'comedor','9S514-31',577.03,15.93,8,'Complete loss of teeth due to periodontal dis, class III',32,NULL),(409,'Lavadora','JZ995-98',193.24,18.47,9,'Contusion of left little finger with damage to nail, sequela',434,NULL),(410,'Smart TV 64','TG949-15',465.15,11.93,6,'Juvenile polyarteritis',325,NULL),(411,'plancha','PS242-77',733.17,11.84,9,'Activity, piano playing',625,NULL),(412,'Smart TV 42','65758-48',192.44,17.22,7,'Varicose veins of lower extremities with inflammation',293,NULL),(413,'Smart TV 64','98729-99',810.54,11.26,6,'Injury of blood vessel of thumb',744,NULL),(414,'comedor','ZW182-70',482.71,15.73,4,'Other specified acquired deformities of right forearm',586,NULL),(415,'cama','31166-97',415.04,16.59,9,'Maternal care for anti-D antibodies, third tri, fetus 2',856,NULL),(416,'Lavadora','5K528-26',125.48,13.33,4,'Pedl cyc passenger injured in clsn w nonmtr vehicle nontraf',736,NULL),(417,'Refrigeradora','D9057-08',417.83,18.87,1,'Insect bite (nonvenomous) of thumb',369,NULL),(418,'Smart TV 42','BV713-45',918.69,10.60,4,'Diabetes due to underlying condition w oral complications',478,NULL),(419,'Smart TV 42','DL198-18',857.50,18.87,8,'Broken internal joint prosthesis, other site',283,NULL),(420,'Smart TV 64','9S290-53',756.58,16.05,6,'Nondisp comminuted fracture of shaft of right femur, init',835,NULL),(421,'Televisora','8V151-48',423.49,18.51,5,'Underdosing of mineralocorticoids and their antag, sequela',136,NULL),(422,'cama','0V859-93',742.67,18.68,6,'Ulcerative (chronic) proctitis',342,NULL),(423,'Smart TV 42','81384-97',677.19,13.26,4,'Osteonecrosis due to previous trauma, ankle, foot and toes',3,NULL),(424,'cama','Z3715-37',707.20,11.37,5,'Otosclerosis involving oval window, obliterative, unsp ear',248,NULL),(425,'plancha','Q2851-77',720.02,12.43,6,'Eversion of lacrimal punctum',28,NULL),(426,'comedor','DT285-26',338.88,10.96,4,'Contusion of bronchus, bilateral, sequela',943,NULL),(427,'cama','G4145-80',107.44,11.22,11,'Poisn by oth drug aff the autonm nervous sys, slf-hrm, init',111,NULL),(428,'Laptop','0N783-32',957.68,17.28,8,'Poisoning by anticholinesterase agents, undetermined, init',754,NULL),(429,'cama','N8681-54',744.51,17.46,3,'Stable burst fx first thor vert, subs for fx w routn heal',374,NULL),(430,'Smart TV 64','RW884-65',912.83,11.07,7,'Displ spiral fx shaft of unsp femr, 7thC',506,NULL),(431,'Televisora','NI611-45',387.23,12.56,3,'Nondisp suprcndl fx w/o intrcndl extn lower end unsp femur',520,NULL),(432,'comedor','4E045-54',634.25,18.29,2,'Corros unsp deg mult left fingers (nail), inc thumb, subs',409,NULL),(433,'comedor','UZ524-94',413.05,15.33,10,'Fall on board passenger ship, initial encounter',421,NULL),(434,'plancha','78775-41',764.47,12.13,4,'Diseases of bronchus, not elsewhere classified',122,NULL),(435,'cama','00560-32',277.33,17.74,6,'Nondisp transverse fx shaft of r ulna, 7thN',487,NULL),(436,'Refrigeradora','6J160-89',700.59,12.94,6,'Unspecified injury of left renal vein, sequela',73,NULL),(437,'cama','TK018-19',867.34,16.91,9,'Arthropathies in oth diseases classified elsewhere',122,NULL),(438,'Smart TV 64','LW364-50',850.07,12.90,1,'Nondisp pilon fx l tibia, 7thR',159,NULL),(439,'comedor','3O345-59',546.42,15.35,1,'Corrosion of unsp degree of other site of trunk, sequela',812,NULL),(440,'Smart TV 32','59440-67',289.96,17.85,8,'Unsp fracture of unsp ischium, init encntr for open fracture',497,NULL),(441,'plancha','40060-05',428.70,14.79,9,'Malignant melanoma of right eyelid, including canthus',794,NULL),(442,'Smart TV 32','PE382-15',605.79,18.31,11,'Displ seg fx shaft of ulna, r arm, 7thN',682,NULL),(443,'Secadora','EL670-25',173.98,14.63,4,'Inj musc/fasc/tend long head of biceps, unsp arm, subs',879,NULL),(444,'Lavadora','MP847-52',513.68,16.50,1,'Poisn by antiparkns drug/centr musc-tone depr, assault, subs',786,NULL),(445,'Televisora','ET608-89',574.95,10.33,8,'Mtrcy pasngr injured in clsn w statnry object nontraf, subs',279,NULL),(446,'Smart TV 32','M5762-47',373.67,15.68,9,'Toxic eff of unsp halgn deriv of aromat hydrocrb, acc, sqla',729,NULL),(447,'Smart TV 64','CG574-04',579.56,18.19,7,'NIHSS score 24',909,NULL),(448,'Smart TV 64','YL620-41',724.23,18.06,8,'Complete traumatic amputation of unsp breast, init encntr',376,NULL),(449,'Smart TV 32','LI441-68',994.12,14.37,10,'Open bite of hip',204,NULL),(450,'Laptop','DQ753-39',630.95,19.80,7,'Pasngr in 3-whl mv inj in clsn w statnry obj nontraf, subs',377,NULL),(451,'Laptop','45986-32',101.59,10.42,10,'Displaced fracture of proximal phalanx of left little finger',309,NULL),(452,'Lavadora','NL260-53',524.48,11.57,7,'Legal intervnt w oth blunt objects, bystand injured, sequela',160,NULL),(453,'Lavadora','3N923-88',696.60,15.45,1,'Disp fx of shaft of second metacarpal bone, left hand, init',691,NULL),(454,'Lavadora','IM379-43',912.88,13.88,7,'Coxa magna, unspecified hip',818,NULL),(455,'Laptop','PU371-80',569.82,11.59,5,'Legal intervnt w oth blunt obj, law enforc offl inj, sequela',50,NULL),(456,'plancha','NZ419-50',176.85,17.83,4,'Stiffness of right elbow, not elsewhere classified',468,NULL),(457,'Smart TV 32','JY761-21',725.30,10.31,2,'Male infertility',351,NULL),(458,'Secadora','MH269-87',712.48,13.62,8,'Other disorders of bone development and growth, left femur',157,NULL),(459,'Lavadora','1C210-74',875.57,18.10,5,'Nondisp intertroch fx l femr, 7thE',483,NULL),(460,'Laptop','GA676-05',579.33,12.40,8,'Calcaneal spur, unspecified foot',984,NULL),(461,'Smart TV 42','0U407-65',220.68,17.36,5,'Complete lesion at C3 level of cervical spinal cord',825,NULL),(462,'Televisora','OM769-88',726.64,19.85,4,'War operations involving intentl restriction of air/airwy',342,NULL),(463,'Laptop','ZZ985-20',369.93,17.00,5,'Salter-Harris Type IV physeal fracture of r calcaneus, 7thP',397,NULL),(464,'comedor','E6110-90',486.84,16.66,6,'Newborn affected by maternal comp of pregnancy, unspecified',680,NULL),(465,'comedor','94246-07',768.42,11.66,4,'Maternal care for excessive fetal growth, third trimester',298,NULL),(466,'Laptop','21861-51',519.81,15.24,3,'Displaced oblique fracture of shaft of unspecified femur',75,NULL),(467,'Refrigeradora','UL852-43',526.36,17.51,1,'Lacerat abd wall w fb, right low q w/o penet perit cav, sqla',901,NULL),(468,'comedor','YA496-62',272.97,18.78,11,'Burn of first degree of upper back, initial encounter',84,NULL),(469,'Smart TV 42','SR471-14',373.87,16.93,1,'Leakage of vascular dialysis catheter, initial encounter',980,NULL),(470,'Smart TV 64','8K860-84',853.34,16.32,1,'Prsn brd/alit a car injured in collision w van, init',812,NULL),(471,'Refrigeradora','Y3131-46',494.01,10.89,8,'Unsp injury at C5 level of cervical spinal cord, sequela',590,NULL),(472,'Secadora','4X977-25',942.56,11.65,4,'Displ artic fx head of r femr, 7thJ',323,NULL),(473,'Secadora','Y5284-79',239.17,12.79,5,'Cont preg aft uterin dth of one fts or more, third tri, fts1',58,NULL),(474,'Smart TV 32','UD401-16',409.18,13.20,4,'Displ artic fx head of r femr, subs for clos fx w delay heal',790,NULL),(475,'Refrigeradora','A6491-81',428.67,11.81,6,'Puncture wound with foreign body of unsp part of thorax',500,NULL),(476,'Laptop','68256-80',845.99,19.28,4,'Unsp nondisp fx of surgical neck of right humerus, init',978,NULL),(477,'Smart TV 32','NN841-86',792.77,10.01,5,'Hit by falling object due to accident to water-skis, init',543,NULL),(478,'Secadora','0K317-52',803.59,13.75,6,'Chronic embolism and thombos unsp deep veins of l low extrem',506,NULL),(479,'Smart TV 64','XQ675-77',176.53,19.79,5,'Toxic effect of venom of venomous lizard, undet, sequela',241,NULL),(480,'Laptop','YP227-82',209.05,17.04,6,'Lead-induced gout, left wrist',817,NULL),(481,'plancha','OH056-63',910.29,11.40,1,'Calcific tendinitis, right thigh',99,NULL),(482,'Smart TV 64','KE487-14',878.88,10.65,1,'Unsp fb in resp tract, part unsp causing oth injury, subs',704,NULL),(483,'plancha','6L768-56',478.98,11.27,7,'Sltr-haris Type II physl fx upr end l fibula, 7thP',827,NULL),(484,'Laptop','DV378-70',641.03,12.40,1,'Fracture of vault of skull, subs for fx w nonunion',848,NULL),(485,'Smart TV 42','KF400-74',682.14,18.86,8,'Disp fx of unsp tibial tuberosity, init for clos fx',872,NULL),(486,'plancha','HK009-40',898.60,10.65,1,'Mech compl of int fix of unsp bone of limb, sequela',614,NULL),(487,'Smart TV 64','CC591-42',850.38,16.30,1,'Chronic gingivitis, plaque induced',872,NULL),(488,'Smart TV 64','98921-63',260.01,16.36,7,'Injury of sciatic nerve at hip and thigh level',673,NULL),(489,'Smart TV 32','85438-11',996.44,11.93,7,'Unspecified injury of ascending [right] colon, sequela',392,NULL),(490,'Refrigeradora','ID405-75',345.41,18.51,2,'Strain unsp musc/fasc/tend at thi lev, right thigh, sequela',747,NULL),(491,'Laptop','EM455-81',349.82,17.51,11,'Nondisp fx of lateral condyle of unsp femr, 7thR',595,NULL),(492,'cama','29510-86',617.17,14.81,8,'Other infectious mononucleosis with other complication',643,NULL),(493,'Lavadora','Q8474-10',589.38,13.96,1,'Legal intervention involving baton, suspect injured, init',270,NULL),(494,'Televisora','VE099-94',984.94,11.10,10,'Unsp fracture of second thoracic vertebra, init for clos fx',963,NULL),(495,'cama','SW684-85',190.74,14.92,2,'Solitary bone cyst, ankle and foot',817,NULL),(496,'Televisora','8Y058-48',247.01,13.37,10,'Puncture wound w/o foreign body of right buttock, sequela',936,NULL),(497,'Laptop','49335-78',672.79,12.76,8,'Frostbite with tissue necrosis of oth part of head, sequela',593,NULL),(498,'Smart TV 32','D7500-67',245.20,13.69,1,'Unsp inj unsp blood vess at hip and thi lev, right leg, init',722,NULL),(499,'Refrigeradora','RT152-83',921.07,10.42,5,'Congenital hydrocele',132,NULL),(500,'cama','4B148-13',938.23,14.40,2,'Unspecified dislocation of right thumb, subsequent encounter',921,NULL),(501,'plancha','KV718-61',235.32,12.80,7,'Displaced simple suprcndl fracture w/o intrcndl fx r humerus',91,NULL),(502,'Smart TV 64','RM937-11',945.38,16.25,9,'Displacement of graft of urinary organ, sequela',811,NULL),(503,'cama','TF682-79',363.56,10.05,10,'Pathological dislocation of unsp foot, NEC',910,NULL),(504,'Smart TV 32','G2546-48',635.98,15.06,7,'Tuberculosis of (inner) (middle) ear',462,NULL),(505,'Smart TV 42','VS565-93',566.05,17.51,1,'Brown-Sequard syndrome at C4, init',229,NULL),(506,'cama','SS068-84',781.79,19.42,10,'Oth injury of anterior tibial artery, right leg, sequela',648,NULL),(507,'Smart TV 32','HS073-14',859.86,19.19,8,'Nondisp spiral fx shaft of l fibula, 7thK',290,NULL),(508,'Refrigeradora','VG688-62',941.40,12.63,1,'Lacerat extn musc/fasc/tend l little fngr at forarm lv, subs',6,NULL),(509,'Smart TV 42','CF375-35',435.51,16.57,7,'Laceration of unspecified renal artery, initial encounter',788,NULL),(510,'Refrigeradora','B6492-86',365.05,10.11,7,'Typhus fever due to Rickettsia typhi',276,NULL),(511,'cama','TO722-44',447.35,11.47,4,'Poisoning by drugs affecting uric acid metab, acc, init',3,NULL),(512,'Televisora','AA518-56',887.57,15.72,6,'Poisoning by oth estrogens and progstrn, acc, sequela',97,NULL),(513,'Refrigeradora','G4090-87',670.93,18.22,11,'Encounter for aftercare following bone marrow transplant',163,NULL),(514,'Smart TV 42','NC329-94',491.35,17.89,6,'Age-rel osteopor w crnt path fx, unsp site, 7thK',133,NULL),(515,'Secadora','63091-08',723.76,11.39,2,'Sprain of interphalangeal joint of r little finger, sequela',448,NULL),(516,'plancha','7O399-37',549.74,16.40,8,'Contusion of unspecified shoulder',675,NULL),(517,'Laptop','VR603-81',367.23,12.73,7,'Toxic effect of carbon monoxide from unsp source, self-harm',173,NULL),(518,'Smart TV 42','YR381-47',942.46,17.60,11,'Antepartum hemorrhage, unspecified',970,NULL),(519,'comedor','BE745-97',249.49,11.67,5,'Nondisp seg fx shaft of unsp tibia, 7thD',469,NULL),(520,'Televisora','F0935-60',607.54,10.87,5,'Anterior subluxation of unspecified ulnohumeral joint',876,NULL),(521,'Televisora','LT118-51',589.62,12.29,10,'Disp fx of med phalanx of r less toe(s), 7thD',625,NULL),(522,'Laptop','7K008-26',790.33,17.29,2,'Fall due to clsn betw merch ship and oth wtrcrft/obj, sqla',211,NULL),(523,'Laptop','V2138-88',937.29,13.10,9,'Corros unsp deg mult sites of unsp low limb, ex ank/ft, init',438,NULL),(524,'Secadora','2S818-49',515.23,14.89,4,'Explosion of blasting material, sequela',727,NULL),(525,'Laptop','JA091-79',432.08,11.81,6,'Unsp fx r femur, subs for opn fx type 3A/B/C w delay heal',345,NULL),(526,'Laptop','AD065-74',518.03,11.22,8,'Nondisp osteochon fx l patella, subs for clos fx w malunion',900,NULL),(527,'Smart TV 64','A0881-37',404.95,13.59,9,'Injury of tibial nerve at lower leg level, left leg',410,NULL),(528,'cama','3G916-87',394.18,16.46,6,'Nondisp transverse fx shaft of r femr, 7thF',478,NULL),(529,'Laptop','JE670-20',779.30,18.46,7,'Nondisp oblique fx shaft of r femr, 7thK',37,NULL),(530,'Smart TV 32','YY447-02',934.76,12.89,6,'Nondisp fx of nk of scapula, unsp shldr, 7thK',335,NULL),(531,'Refrigeradora','IX854-90',794.93,15.49,6,'Other infective (teno)synovitis, right knee',657,NULL),(532,'plancha','XV620-20',952.15,13.97,7,'Unsp superficial injury of right great toe, subs encntr',550,NULL),(533,'Smart TV 64','W7284-46',873.02,15.69,2,'Displaced subtrochnt fx r femur, subs for clos fx w malunion',28,NULL),(534,'Laptop','50214-21',445.88,18.82,6,'Sltr-haris Type III physeal fx unspecified calcaneus, 7thB',675,NULL),(535,'Smart TV 42','97075-25',181.61,18.32,10,'Insect bite (nonvenomous), left thigh, subsequent encounter',976,NULL),(536,'Smart TV 64','DC953-89',114.40,13.50,9,'Oth fx low end unsp femr, 7thN',445,NULL),(537,'Refrigeradora','PA356-50',860.63,19.56,6,'Inj unsp blood vessel at ank/ft level, right leg, subs',809,NULL),(538,'Televisora','1M635-07',573.13,15.65,1,'Puncture wound without foreign body, unsp ankle, subs encntr',803,NULL),(539,'Smart TV 64','XF067-53',286.75,10.02,2,'Benign neoplasm of aortic body and other paraganglia',462,NULL),(540,'Secadora','6Q676-17',748.67,19.57,2,'Cicatricial ectropion of right lower eyelid',50,NULL),(541,'Lavadora','4B461-59',781.65,11.66,6,'Abrasion of knee',678,NULL),(542,'comedor','GM983-77',926.51,12.22,3,'Complete lesion at unspecified level of cervical spinal cord',633,NULL),(543,'plancha','JF626-14',505.04,19.01,8,'Unsp fracture of third lumbar vertebra, init for clos fx',149,NULL),(544,'plancha','MD216-50',611.42,15.53,9,'Car driver injured in collision w van in traf, init',522,NULL),(545,'comedor','RD449-12',952.88,14.79,11,'Inj flexor musc/fasc/tend l rng fngr at forarm lv, sequela',322,NULL),(546,'Televisora','J9196-27',572.43,13.07,5,'Disp fx of nk of 2nd MC bone, r hand, subs for fx w malunion',379,NULL),(547,'Televisora','QC808-22',374.37,18.40,4,'Unsp injury of deep palmar arch of right hand, sequela',479,NULL),(548,'Televisora','GO406-14',481.80,13.50,2,'Laceration w/o foreign body of right cheek and TMJ area',928,NULL),(549,'plancha','HM839-07',433.14,12.31,5,'Toxic maculopathy, unspecified eye',835,NULL),(550,'Smart TV 64','JD570-61',403.99,17.74,3,'Nondisp fx of dist phalanx of r thm, 7thG',396,NULL),(551,'Laptop','MP240-57',713.10,16.22,4,'Other osteonecrosis, right ankle',112,NULL),(552,'Lavadora','FU512-50',987.33,17.60,8,'Ocular lac/rupt w prolaps/loss of intraoc tissue, left eye',181,NULL),(553,'plancha','35944-34',773.36,16.45,4,'Unsp inj flexor musc/fasc/tend unsp fngr at wrs/hnd lv, subs',154,NULL),(554,'comedor','EA000-33',456.26,17.52,11,'Mech compl of internal orth devices, implants and grafts',989,NULL),(555,'comedor','07307-78',379.79,18.96,2,'Nondisp fx of lateral condyle of unsp femr, 7thK',326,NULL),(556,'comedor','NB058-05',929.52,12.25,9,'Other injury of liver, subsequent encounter',712,NULL),(557,'Smart TV 32','CE174-27',273.05,18.68,11,'Chronic myelomonocytic leukemia not achieve remission',196,NULL),(558,'Laptop','NX352-25',577.79,11.60,4,'Osteonecrosis due to drugs, left finger(s)',403,NULL),(559,'Televisora','1O993-91',945.48,12.23,4,'Unsp injury of posterior tibial artery, right leg, init',104,NULL),(560,'Televisora','GY800-43',462.72,11.02,9,'Sedatv/hyp/anxiolytc use, unsp w intoxication, uncomplicated',972,NULL),(561,'Smart TV 42','6H151-68',516.91,12.36,5,'Displ suprcndl fx w/o intrcndl extn low end r femr, 7thM',590,NULL),(562,'Televisora','HN260-68',833.09,11.90,6,'Encntr for exam for delay growth in chldhd w abn findings',523,NULL),(563,'comedor','OT849-81',646.54,14.73,9,'Trochanteric bursitis',547,NULL),(564,'Smart TV 64','5R023-95',410.62,10.05,4,'Other specified persistent mood disorders',358,NULL),(565,'Refrigeradora','L2424-54',761.51,15.28,11,'Asymptomatic microscopic hematuria',216,NULL),(566,'comedor','2I553-42',703.86,19.33,2,'Corros first degree of single finger (nail) except thumb',103,NULL),(567,'plancha','TR914-16',309.70,13.45,5,'Posterior subluxation of unspecified hip, initial encounter',559,NULL),(568,'Smart TV 32','8C052-90',297.40,17.91,3,'Poisn by oth antieplptc and sed-hypntc drugs, undet, init',792,NULL),(569,'cama','3D762-61',997.94,19.21,7,'Encounter for fitting and adjustment of other devices',521,NULL),(570,'Refrigeradora','IM731-88',445.43,14.65,8,'Sublux of distal interphaln joint of l idx fngr, sequela',41,NULL),(571,'cama','81677-86',218.18,19.39,3,'Unsp fx shaft of r ulna, 7thE',126,NULL),(572,'Smart TV 32','ZO381-64',425.69,13.49,2,'Adverse effect of smallpox vaccines, sequela',550,NULL),(573,'plancha','8I583-02',120.81,19.68,3,'Nondisp transverse fx shaft of l tibia, 7thJ',361,NULL),(574,'Laptop','OP519-38',929.32,17.06,6,'Hereditary ataxia, unspecified',568,NULL),(575,'Refrigeradora','E1760-10',965.48,18.70,11,'Unspecified corneal membrane change',658,NULL),(576,'Laptop','J8885-81',867.16,10.78,8,'Unspecified superficial injury of left upper arm, sequela',85,NULL),(577,'Laptop','BM474-01',853.88,16.77,3,'Sltr-haris Type III physeal fx lower end of ulna, right arm',882,NULL),(578,'Smart TV 32','3J826-27',398.73,17.55,2,'Fracture of alveolus of left mandible, sequela',217,NULL),(579,'Smart TV 42','09915-83',492.93,11.76,10,'Bennett\'s fracture, right hand, subs for fx w delay heal',983,NULL),(580,'Smart TV 32','NM110-59',809.64,16.75,2,'Intermittent hydrarthrosis, unspecified hand',390,NULL),(581,'plancha','5E575-92',606.29,17.25,11,'Other specified injuries of unspecified part of neck',916,NULL),(582,'Secadora','L1816-38',871.29,16.07,9,'Non-prs chronic ulcer of left calf limited to brkdwn skin',246,NULL),(583,'Smart TV 42','5U856-49',403.49,15.50,9,'Poisn by crbnc-anhydr inhibtr,benzo/oth diuretc, undet, subs',246,NULL),(584,'Smart TV 32','QK257-61',957.39,15.16,9,'Unspecified physeal fracture of upper end of right tibia',71,NULL),(585,'Secadora','BK405-18',858.68,15.51,11,'Unsp physeal fx upper end of humerus, left arm, sequela',46,NULL),(586,'Smart TV 32','AY873-34',833.13,19.72,7,'Injury of muscle, fascia and tendon of other parts of biceps',115,NULL),(587,'Smart TV 32','MQ203-76',845.86,11.85,6,'Rapidly progr neph syndrome w diffuse crescentic glomrlneph',896,NULL),(588,'cama','9H059-62',188.60,16.00,6,'Kernicterus, unspecified',483,NULL),(589,'Smart TV 64','4C801-58',706.39,16.33,6,'Poisoning by antihyperlip and antiarterio drugs, undet, init',948,NULL),(590,'Televisora','BH266-02',826.36,11.65,11,'Stable burst fx fifth lum vertebra, subs for fx w nonunion',106,NULL),(591,'Smart TV 42','HG646-57',772.96,14.12,10,'Barton\'s fx l rad, subs for opn fx type 3A/B/C w routn heal',956,NULL),(592,'Smart TV 32','J0749-13',352.38,10.87,6,'Chromosomal abnormality, unspecified',533,NULL),(593,'comedor','AA722-60',254.62,14.45,11,'Extrinsic cartilagenous obst of eustach tube, right ear',5,NULL),(594,'cama','G0663-84',947.25,19.26,1,'Chylous effusion',282,NULL),(595,'Laptop','06636-06',750.87,11.17,9,'Nondisp fx of base of 2nd MC bone. l hand, 7thD',867,NULL),(596,'cama','VS438-17',742.76,10.74,4,'Extrinsic cartilagenous obstruction of Eustachian tube',3,NULL),(597,'comedor','2A810-05',341.97,16.52,9,'Antiviral drugs',117,NULL),(598,'Lavadora','ZQ385-74',171.99,16.57,6,'Hypersomnia due to other mental disorder',114,NULL),(599,'Smart TV 42','J0560-60',563.27,15.59,6,'Displ suprcndl fx w/o intrcndl extn lower end r femur, init',746,NULL),(600,'Smart TV 64','KU066-64',496.02,13.58,3,'Other disorders of ear in diseases classified elsewhere',192,NULL),(601,'Smart TV 32','6W150-65',854.17,17.86,1,'Open bite of right eyelid and periocular area, sequela',594,NULL),(602,'Lavadora','8Y496-44',656.19,12.95,9,'Oth injury of oth blood vessels at lower leg level, unsp leg',491,NULL),(603,'Refrigeradora','IV827-64',580.91,18.13,11,'Injury of other cranial nerves, left side, subs encntr',324,NULL),(604,'Smart TV 32','MD485-54',743.89,17.18,6,'Laceration of other muscles and tendons at lower leg level',295,NULL),(605,'plancha','AT779-07',554.92,12.84,8,'Nondisp spiral fx shaft of l tibia, 7thE',928,NULL),(606,'Refrigeradora','BL195-77',971.63,13.01,8,'Other venous complications in pregnancy, unsp trimester',604,NULL),(607,'Smart TV 42','3S501-19',442.88,12.88,2,'Carcinoma in situ of hard palate',483,NULL),(608,'cama','ZR502-63',973.62,18.94,5,'Other sprain of right hip, initial encounter',611,NULL),(609,'Smart TV 64','18495-71',306.26,16.02,1,'Disp fx of glenoid cavity of scapula, unspecified shoulder',173,NULL),(610,'plancha','L6381-08',521.58,18.18,6,'Other complications specific to multiple gestation',440,NULL),(611,'cama','R6172-27',353.95,15.22,5,'Unspecified superficial injury of left thigh, sequela',160,NULL),(612,'Smart TV 64','80516-75',485.98,18.73,6,'Complete transverse atyp femoral fracture, left leg, 7thG',941,NULL),(613,'Smart TV 64','OH578-58',567.29,18.32,11,'Traum rupt of unsp ligmt of r little fngr at MCP/IP jt, init',461,NULL),(614,'Smart TV 42','M4842-61',927.83,19.34,10,'Fracture of trapezoid [smaller multangular]',772,NULL),(615,'Secadora','FZ529-58',928.29,17.26,5,'Superficial frostbite of left ear, subsequent encounter',754,NULL),(616,'Smart TV 32','42609-41',388.06,17.05,2,'Insect bite (nonvenomous) of unsp back wall of thorax, subs',512,NULL),(617,'cama','YB482-11',573.51,11.33,3,'Nondisp Maisonneuve\'s fx l leg, 7thE',890,NULL),(618,'comedor','DQ613-68',543.60,19.68,4,'Other foreign object in trachea causing asphyxiation',522,NULL),(619,'Smart TV 32','TQ110-16',865.44,16.57,8,'Blister (nonthermal) of unspecified shoulder, sequela',233,NULL),(620,'Televisora','ZE419-25',520.46,19.29,6,'Corrosion of second degree of unspecified thigh',163,NULL),(621,'Televisora','ON462-10',851.89,17.20,3,'Unsp pedl cyclst injured in collision w rail trn/veh in traf',416,NULL),(622,'comedor','9W716-43',915.58,14.88,3,'Carcinoma in situ of exocervix',165,NULL),(623,'Laptop','UN766-50',190.14,17.37,6,'Poisoning by centr-acting/adren-neurn-block agnt, undet',131,NULL),(624,'plancha','YZ090-92',109.52,15.45,1,'Nondisplaced fracture of body of unspecified talus, sequela',485,NULL),(625,'cama','Y2478-49',347.06,10.25,7,'Stenosis of other cardiac prosth dev/grft, initial encounter',39,NULL),(626,'Smart TV 42','WT304-89',892.27,18.19,4,'Retained (old) magnetic foreign body in lens, bilateral',539,NULL),(627,'Lavadora','4K943-91',456.64,18.13,4,'Other superficial injuries of thumb',730,NULL),(628,'Smart TV 32','VV847-38',809.73,14.50,9,'Malig neoplasm of liver, not specified as primary or sec',188,NULL),(629,'comedor','DJ551-51',574.56,19.83,5,'Other benign mammary dysplasias of right breast',195,NULL),(630,'Lavadora','J3961-37',996.10,10.36,4,'Unsp inj long flexor musc/fasc/tend thmb at wrs/hnd lv, sqla',966,NULL),(631,'Lavadora','01809-17',230.40,13.73,5,'Disp fx of third metatarsal bone, r foot, init for opn fx',683,NULL),(632,'cama','NC806-53',195.76,13.79,8,'Unspecified disorder of tympanic membrane, right ear',278,NULL),(633,'Lavadora','A5679-70',660.07,10.38,1,'Vis def/sptl nglct following other ntrm intcrn hemorrhage',740,NULL),(634,'Televisora','FR862-74',607.04,13.27,4,'Obesity complicating pregnancy, unspecified trimester',205,NULL),(635,'Refrigeradora','FH190-23',936.58,11.27,11,'Toxic effect of venom of wasps, accidental, init',877,NULL),(636,'Smart TV 32','E9402-43',214.11,16.40,10,'Burn third deg of unsp site left lower limb, ex ank/ft, sqla',700,NULL),(637,'Laptop','KC131-00',638.68,17.73,9,'Nondiabetic hypoglycemic coma',679,NULL),(638,'Televisora','M0766-19',477.31,16.90,5,'Inj extn/abdr musc/fasc/tend of thmb at forearm level',159,NULL),(639,'Laptop','NH960-95',902.90,11.16,9,'Exposure to melting of oth clothing and apparel, init encntr',13,NULL),(640,'Smart TV 42','UU162-03',377.71,17.10,11,'Other acute nonsuppurative otitis media, recurrent, left ear',999,NULL),(641,'Smart TV 64','BN583-22',391.91,15.45,4,'Other keratoconjunctivitis, right eye',544,NULL),(642,'Lavadora','RZ505-55',482.50,17.79,10,'Unspecified injury of head of pancreas, sequela',215,NULL),(643,'Secadora','J4045-01',406.37,12.38,5,'Poisoning by oth drug/meds/biol subst, assault, sequela',428,NULL),(644,'Lavadora','N2153-95',667.89,16.95,9,'Pnctr w fb of right lesser toe(s) w/o damage to nail, subs',113,NULL),(645,'Secadora','6F688-26',950.79,10.44,4,'Nondisp spiral fx shaft of ulna, r arm, 7thR',2,NULL),(646,'comedor','HA639-86',142.50,10.33,3,'Laceration w/o fb of left thumb w damage to nail, subs',627,NULL),(647,'cama','ZH017-20',377.41,13.60,7,'Anterior displaced Type II dens fracture',944,NULL),(648,'Televisora','UD274-40',556.89,19.46,11,'Poisoning by methadone, assault, initial encounter',904,NULL),(649,'Smart TV 32','33210-45',296.30,11.71,11,'Oth injury of axillary or brachial vein, unspecified side',89,NULL),(650,'Refrigeradora','LA461-52',509.58,11.30,6,'Complete traumatic amputation at left hip joint, init encntr',761,NULL),(651,'comedor','7M075-04',245.60,10.40,5,'Driver of bus injured in clsn w 2/3-whl mv in traf, sequela',905,NULL),(652,'Refrigeradora','BB151-53',331.47,13.91,11,'Type 2 diab with mild nonp rtnop with macular edema, l eye',98,NULL),(653,'Lavadora','F9876-77',988.03,15.44,11,'Sprain of ligaments of lumbar spine',141,NULL),(654,'comedor','MQ632-30',761.10,16.53,2,'Inj extensor musc/fasc/tend left middle finger at wrs/hnd lv',861,NULL),(655,'Lavadora','M5566-35',405.34,17.23,9,'Other specified injuries of right shoulder and upper arm',673,NULL),(656,'cama','9K953-53',130.93,16.63,5,'Nondisp transcondy fx r humerus, subs for fx w nonunion',173,NULL),(657,'comedor','0L281-70',270.90,19.91,7,'Non-prs chronic ulcer of unsp thigh limited to brkdwn skin',115,NULL),(658,'Lavadora','62147-05',288.67,14.39,7,'Burn of third degree of left ear, initial encounter',654,NULL),(659,'Smart TV 64','MZ183-94',487.08,15.76,10,'Pedestrian injured nontraf involving oth and unsp mv',52,NULL),(660,'comedor','29561-84',109.34,14.56,4,'Displ spiral fx shaft of r tibia, 7thP',623,NULL),(661,'plancha','CD625-03',484.62,14.79,2,'Other calcification of muscle, left ankle and foot',8,NULL),(662,'Smart TV 64','IF030-86',665.36,18.81,7,'Nondisp fx of lateral malleolus of unsp fibula, 7thQ',782,NULL),(663,'Smart TV 32','NH347-04',434.86,14.15,5,'Disorder of fructose metabolism, unspecified',551,NULL),(664,'Laptop','4P164-82',768.11,15.63,2,'Unsp intracranial injury w LOC of 1-5 hrs 59 min, subs',978,NULL),(665,'Smart TV 42','XD925-43',472.03,13.01,4,'Gout due to renal impairment, unspecified hip',909,NULL),(666,'plancha','1R694-36',503.54,13.55,2,'Pain due to nervous system prosth dev/grft, init',48,NULL),(667,'comedor','WQ118-58',836.90,17.52,4,'Puncture wound without foreign body of left ear, subs encntr',517,NULL),(668,'cama','RJ909-29',792.90,13.98,1,'External constriction of right upper arm, subs encntr',418,NULL),(669,'Smart TV 64','PP983-12',706.29,15.85,8,'Unspecified superficial injury of unspecified foot',985,NULL),(670,'Smart TV 42','VT845-15',581.77,14.38,7,'Other contact with other psittacines, subsequent encounter',498,NULL),(671,'Smart TV 42','H3978-72',681.38,19.29,10,'Path fx in neopltc dis, unsp ulna & rad, 7thG',568,NULL),(672,'Smart TV 42','7P082-06',237.69,10.20,4,'Inj intercostal blood vessels, left side, subs encntr',760,NULL),(673,'comedor','J8839-73',323.18,13.26,3,'Injury of other nerves at forearm level, left arm, subs',312,NULL),(674,'cama','VK883-63',585.02,16.11,9,'Intentional self-harm by hot tap water, subsequent encounter',649,NULL),(675,'Televisora','GF243-59',842.67,14.69,4,'Poisoning by unsp drug/meds/biol subst, assault, subs',546,NULL),(676,'Laptop','BE745-99',679.22,15.85,3,'Sltr-haris Type II physeal fx lower end of left femur, init',169,NULL),(677,'Smart TV 32','S9709-39',698.20,16.26,3,'Atheroembolism of lower extremity',388,NULL),(678,'comedor','CG989-84',547.76,18.13,10,'Damage to pelvic organs and tiss fol an ect and molar preg',178,NULL),(679,'comedor','92017-05',970.53,17.57,10,'Displacmnt of nervous sys device, implant or graft, sequela',879,NULL),(680,'Televisora','M5599-27',441.73,18.66,9,'Unsp mtrcy rider injured in clsn w hv veh nontraf, sequela',891,NULL),(681,'Smart TV 32','7B956-74',482.38,14.50,2,'Brown-Sequard syndrome at C5 level of cervical spinal cord',109,NULL),(682,'Secadora','6A053-90',500.40,17.70,8,'Toxic eff of unsp halgn deriv of aromat hydrocrb, acc, sqla',500,NULL),(683,'Smart TV 42','12929-52',421.36,12.55,5,'Unsp disorder of synovium and tendon, unspecified forearm',18,NULL),(684,'Refrigeradora','TL433-36',200.26,13.93,4,'Other hereditary hemolytic anemias',479,NULL),(685,'cama','6D105-28',778.83,10.73,6,'Other psychoactive substance dependence, uncomplicated',715,NULL),(686,'comedor','XI287-23',951.15,15.92,6,'Fall into oth water striking bottom causing oth injury, subs',316,NULL),(687,'Smart TV 32','4V283-84',772.90,14.45,6,'Injury of abdominal aorta',41,NULL),(688,'Refrigeradora','LU178-40',383.83,15.11,10,'Unsp superficial injury of unspecified hand, subs encntr',913,NULL),(689,'Smart TV 64','07110-35',961.92,14.36,6,'Acute diastolic (congestive) heart failure',515,NULL),(690,'Smart TV 32','DH988-53',687.97,17.07,8,'Oth fx shaft of unsp fibula, subs for clos fx w malunion',547,NULL),(691,'Laptop','IN479-84',930.44,10.04,3,'Prsn brd/alit pk-up/van injured in clsn w rail trn/veh, init',245,NULL),(692,'Televisora','JO567-84',922.47,18.56,4,'Pain due to nervous system prosth dev/grft, init',75,NULL),(693,'plancha','PR697-45',510.81,18.52,4,'Burn of third degree of unspecified thigh, subs encntr',705,NULL),(694,'Secadora','WQ685-18',979.17,14.61,6,'Primary blast injury of thoracic trachea',766,NULL),(695,'Smart TV 64','61481-85',405.12,15.48,1,'Other injury of oth intrathoracic organs, subs encntr',406,NULL),(696,'cama','A4914-86',447.29,18.19,7,'Crush betw oth pwr wtrcrft & oth wtrcrft/obj d/t clsn, sqla',756,NULL),(697,'Smart TV 32','NS056-62',921.45,14.78,8,'Insect bite (nonvenomous) of right index finger, sequela',816,NULL),(698,'Refrigeradora','3N596-50',168.38,14.84,10,'External constriction of right ring finger',509,NULL),(699,'Refrigeradora','75493-62',531.17,16.66,9,'Laceration of superficial palmar arch of unsp hand, sequela',136,NULL),(700,'Laptop','JA504-29',712.56,14.50,11,'Siderosis of eye, right eye',315,NULL),(701,'cama','AV521-22',750.42,11.56,2,'Wedge compression fracture of T5-T6 vertebra, init',887,NULL),(702,'Smart TV 42','Q1806-77',301.10,16.58,5,'Traumatic compartment syndrome of unsp lower extremity, subs',604,NULL),(703,'plancha','US301-99',903.94,18.39,5,'Exfoliatn due to erythemat cond w 50-59 pct of body surface',468,NULL),(704,'Smart TV 64','M6486-12',986.40,16.90,5,'Malignant neoplasm of corpus uteri',54,NULL),(705,'plancha','3E327-47',860.10,15.45,11,'Displaced bimalleol fx l low leg, init for opn fx type I/2',963,NULL),(706,'Refrigeradora','R9568-16',546.98,18.99,3,'Abrasion, right lower leg',635,NULL),(707,'Lavadora','S6130-47',109.55,16.41,8,'Sedatv/hyp/anxiolytc abuse w intoxication, uncomplicated',75,NULL),(708,'Lavadora','VQ633-89',144.58,19.98,7,'Uterovaginal prolapse, unspecified',755,NULL),(709,'plancha','T5479-92',454.82,17.55,11,'Oth fx upr and low end r fibula, subs for clos fx w nonunion',632,NULL),(710,'Smart TV 64','2G654-20',822.17,10.48,9,'Athscl autol vein bypass of left leg w ulcer of unsp site',455,NULL),(711,'comedor','3K341-75',755.89,17.85,1,'Acute serous otitis media',404,NULL),(712,'comedor','FN486-49',625.39,11.16,5,'Unsp fracture of upper end of right tibia, init for clos fx',246,NULL),(713,'cama','PD598-15',665.69,19.54,9,'Poisoning by antihyperlip and antiarterio drugs, assault',42,NULL),(714,'Smart TV 64','QI941-44',730.00,14.69,6,'Central dislocation of unspecified hip, subsequent encounter',807,NULL),(715,'cama','NT703-39',154.38,16.25,5,'Disp fx of base of nk of l femr, init for opn fx type 3A/B/C',294,NULL),(716,'cama','9P294-90',457.92,12.34,4,'Unspecified corneal neovascularization, right eye',264,NULL),(717,'Lavadora','QA556-43',111.83,15.55,8,'Adverse effect of anticoagulants',772,NULL),(718,'Televisora','CC250-38',879.83,16.59,3,'Nondisp fx of prox 3rd of navic bone of l wrs, 7thB',900,NULL),(719,'Refrigeradora','CY513-44',708.42,15.24,6,'Pathological fracture, left ankle, init encntr for fracture',794,NULL),(720,'comedor','YC511-13',922.02,13.22,2,'Peripheral T-cell lymphoma, not classified, intrapelv nodes',595,NULL),(721,'comedor','LO125-75',546.44,19.58,11,'Spastic ectropion of left upper eyelid',222,NULL),(722,'Refrigeradora','D8053-19',694.66,13.56,7,'Burn due to localized fire on board sailboat, sequela',567,NULL),(723,'Secadora','4I694-76',699.36,13.94,4,'Displacement of carotid arterial graft (bypass), subs encntr',269,NULL),(724,'Secadora','2Q875-87',749.61,17.06,6,'Oth disp fx of base of first MC bone, right hand, init',411,NULL),(725,'Televisora','FP778-12',344.76,13.56,8,'Toxic effect of ingested mushrooms, self-harm, init',404,NULL),(726,'Smart TV 64','9F146-21',571.82,11.55,6,'Mech compl of internal prosth dev/grft',288,NULL),(727,'Lavadora','53033-45',526.82,18.33,8,'Other cervical disc disorders,  high cervical region',53,NULL),(728,'Laptop','5D130-16',347.35,12.70,2,'Nondisp spiral fx shaft of r femr, 7thM',310,NULL),(729,'cama','UU665-11',624.54,12.76,7,'Fx unsp phalanx of r rng fngr, subs for fx w malunion',334,NULL),(730,'plancha','43371-38',303.03,10.72,5,'Laceration w/o foreign body of toe without damage to nail',205,NULL),(731,'Lavadora','I5956-80',353.95,18.69,8,'Person injured in collision betw car and hv veh, subs',13,NULL),(732,'Lavadora','TZ656-71',410.09,10.18,5,'Displ suprcndl fx w intrcndl extn low end r femr, 7thJ',220,NULL),(733,'Refrigeradora','0P452-07',621.66,18.92,4,'Corros unsp degree of single r finger except thumb, init',716,NULL),(734,'Smart TV 32','V9022-60',422.82,12.17,7,'Foreign body in cornea, left eye, initial encounter',716,NULL),(735,'Smart TV 42','ZU900-06',183.38,11.19,7,'Bitten by cat, sequela',207,NULL),(736,'plancha','TZ437-24',782.65,16.29,6,'Assault by other specified means, sequela',409,NULL),(737,'Televisora','XM883-52',325.32,13.77,6,'Abnormal blood-pressure reading, without diagnosis',368,NULL),(738,'Smart TV 42','N1442-74',634.80,15.22,11,'Pressure ulcer of left ankle, stage 2',255,NULL),(739,'Laptop','OC045-07',520.69,15.77,3,'Rheu arthrit w rheu factor of unsp elbow w/o org/sys involv',919,NULL),(740,'cama','N8872-58',900.22,18.62,5,'Glaucoma secondary to eye trauma, unsp eye, mild stage',452,NULL),(741,'Smart TV 64','VC505-19',495.79,19.39,7,'Complications of reattached (part of) left upper extremity',429,NULL),(742,'Smart TV 64','7O291-01',807.90,16.86,10,'Fall due to clsn betw canoe/kayk and oth wtrcrft/obj, subs',925,NULL),(743,'Lavadora','QX385-55',254.98,19.58,7,'Other specified disorders of cartilage',863,NULL),(744,'Secadora','3L607-97',761.62,18.40,5,'Ant disp fx of sternal end unsp clavicle, 7thP',888,NULL),(745,'plancha','5Q022-85',316.76,19.63,1,'Postdysenteric arthropathy, hip',172,NULL),(746,'Lavadora','OS240-06',125.99,11.99,2,'Oth fx head/neck of r femr, 7thH',144,NULL),(747,'Laptop','TF707-10',245.36,11.13,6,'Injury of brachial plexus, sequela',904,NULL),(748,'plancha','I9591-30',129.45,15.56,8,'Non-prs chronic ulcer of unsp ankle w necrosis of muscle',913,NULL),(749,'Televisora','1T267-63',738.73,11.52,7,'Nondisp spiral fx shaft of unsp tibia, 7thP',322,NULL),(750,'Laptop','D7958-24',229.12,18.10,1,'Contus/lac/hem crblm w LOC of 1-5 hrs 59 min, init',276,NULL),(751,'Smart TV 42','CY134-01',884.27,11.77,9,'Other allergic and dietetic gastroenteritis and colitis',343,NULL),(752,'comedor','A0260-83',324.64,11.15,9,'Nondisp fx of body of scapula, l shldr, 7thK',468,NULL),(753,'Smart TV 32','B0346-98',699.74,12.31,9,'Presence of xenogenic heart valve',453,NULL),(754,'Lavadora','06693-58',328.50,16.92,11,'Orbital myositis, left orbit',269,NULL),(755,'Laptop','IA680-98',483.21,16.23,11,'Unsp injury of less saphenous at lower leg level, unsp leg',970,NULL),(756,'Smart TV 64','VS750-52',248.12,13.61,7,'Toxic effect of contact with other venomous animals, assault',597,NULL),(757,'Secadora','H6415-77',388.49,13.20,1,'Nondisp seg fx shaft of rad, r arm, 7thC',298,NULL),(758,'Secadora','JZ023-56',913.09,12.50,7,'Toxic effect of unsp corrosive substance, undetermined, subs',848,NULL),(759,'Secadora','F6088-39',330.72,12.85,11,'Complications of stem cell transplant',543,NULL),(760,'Secadora','YS236-14',167.99,14.36,11,'External constriction of other finger, sequela',1,NULL),(761,'Smart TV 32','PT625-28',711.09,14.51,7,'Oth fx shaft of unsp femr, 7thH',389,NULL),(762,'Smart TV 42','TN619-05',915.27,16.09,8,'Juvenile ankylosing spondylitis',179,NULL),(763,'Televisora','DV038-19',121.48,13.70,1,'Oth postprocedural complications and disorders of GU sys',584,NULL),(764,'Secadora','21901-52',142.53,16.50,10,'Other fracture of upper end of right tibia, sequela',519,NULL),(765,'Secadora','DZ906-21',274.76,12.95,11,'Other incomplete lesion at C1 level of cervical spinal cord',585,NULL),(766,'Lavadora','1K910-25',137.41,17.47,8,'Unsp injury of brachial artery, unsp side, init encntr',279,NULL),(767,'Laptop','FC795-63',484.99,13.23,8,'Occup of pk-up/van injured in clsn w unsp mv nontraf, subs',684,NULL),(768,'Smart TV 32','6U163-09',738.69,18.87,8,'Nondisp transverse fx shaft of l tibia, 7thN',136,NULL),(769,'plancha','8G434-04',181.87,14.54,11,'Car driver injured in collision w car in nontraffic accident',494,NULL),(770,'Smart TV 32','OW179-71',711.42,10.89,5,'Nondisp fx of shaft of 1st MC bone, unsp hand, 7thK',107,NULL),(771,'Smart TV 42','YK228-88',443.10,11.14,6,'Other specified diseases of pancreas',91,NULL),(772,'comedor','IP298-16',539.30,13.53,11,'Nondisp Maisonneuve\'s fx l leg, 7thG',812,NULL),(773,'Secadora','39223-95',543.52,11.64,2,'Postimmunization arthropathy, unspecified wrist',504,NULL),(774,'Lavadora','0D161-03',127.69,11.05,11,'Nursemaid\'s elbow, unspecified elbow, sequela',258,NULL),(775,'Secadora','OH940-17',821.63,19.53,9,'Contact with knife, initial encounter',62,NULL),(776,'plancha','SD839-31',861.12,12.77,1,'Displ intertroch fx unsp femr, 7thR',848,NULL),(777,'Smart TV 42','YU753-81',213.44,18.44,5,'Accidental handgun malfunction, subsequent encounter',105,NULL),(778,'plancha','BG593-32',466.72,10.70,11,'Traum hemor left cerebrum w LOC of unsp duration',774,NULL),(779,'plancha','13458-06',761.63,17.39,11,'BMI pediatric, 5th percentile to less than 85% for age',410,NULL),(780,'Televisora','L0002-92',142.04,17.98,1,'Disturbances in tooth formation',355,NULL),(781,'cama','BG852-09',886.76,16.59,4,'Burn of first degree of back of unspecified hand, sequela',561,NULL),(782,'Lavadora','4L735-45',395.72,19.77,8,'Injury of accessory nerve, left side',282,NULL),(783,'Televisora','EM724-82',475.04,15.65,11,'Mtrcy pasngr inj pick-up truck, pk-up/van nontraf, sequela',999,NULL),(784,'Lavadora','OL000-67',667.10,16.05,5,'Prsn brd/alit from bus injured in nonclsn trnsp acc, sequela',350,NULL),(785,'Lavadora','QV245-77',579.54,11.16,3,'Laceration w foreign body of thmb w damage to nail, sequela',136,NULL),(786,'cama','XJ122-30',516.23,15.37,10,'Corrosion of first degree of left axilla, sequela',203,NULL),(787,'Refrigeradora','MR006-90',417.56,11.34,9,'Hemorrhage due to nervous system prosth dev/grft, subs',527,NULL),(788,'Smart TV 64','OG336-88',362.95,16.13,3,'Pedal cycle driver injured pick-up truck, pk-up/van nontraf',817,NULL),(789,'Televisora','3I297-29',677.97,16.95,9,'Nondisp fx of greater trochanter of unsp femr, 7thH',522,NULL),(790,'Laptop','2N660-49',304.76,18.12,11,'Juvenile dermatopolymyositis with other organ involvement',771,NULL),(791,'Secadora','94826-42',249.69,10.87,6,'Unspecified aircraft accident injuring occupant, init encntr',302,NULL),(792,'Laptop','LH279-11',260.74,17.99,3,'Enuresis not due to a substance or known physiol condition',482,NULL),(793,'comedor','4F361-12',736.52,15.39,5,'Inj muscle, fascia and tendon of unsp hip, subs encntr',781,NULL),(794,'Refrigeradora','P5720-88',614.26,10.30,9,'Moderate vaginal dysplasia',905,NULL),(795,'Smart TV 64','P1236-56',645.90,10.88,2,'Disp fx of unsp tibial spin, 7thF',333,NULL),(796,'Laptop','VS183-08',261.93,19.25,11,'Pedl cyc pasngr injured in clsn w unsp mv in traf, sequela',907,NULL),(797,'cama','HO759-94',710.33,17.17,2,'Senile entropion of left upper eyelid',570,NULL),(798,'Smart TV 64','UY641-16',325.41,11.33,2,'Cutaneous abscess, furuncle and carbuncle of hand',368,NULL),(799,'Lavadora','AU025-31',832.56,15.82,7,'Animal-rider injured in collision w ped/anml, sequela',370,NULL),(800,'plancha','UW601-06',925.58,12.95,7,'Suprvsn of preg w hx of in utero proc dur prev preg, 2nd tri',313,NULL),(801,'Smart TV 32','ER748-84',641.23,16.04,10,'Unspecified complication of bone marrow transplant',579,NULL),(802,'Lavadora','H6308-24',961.74,13.46,3,'Partial physeal arrest, right distal femur',514,NULL),(803,'Lavadora','GJ030-20',519.70,17.56,8,'Constitutional aplastic anemia',241,NULL),(804,'Smart TV 42','AF269-27',996.02,16.34,10,'Oth physl fx low end ulna, unsp arm, 7thG',588,NULL),(805,'Secadora','0W234-63',603.76,11.58,9,'Inj flexor musc/fasc/tend l little fngr at wrs/hnd lv, sqla',58,NULL),(806,'Lavadora','7N988-13',682.18,16.21,3,'War op w dest arcrft due to clsn w oth arcrft, civ, init',324,NULL),(807,'comedor','6R364-24',549.15,16.70,5,'Sltr-haris Type III physl fx low end unsp femr, 7thD',166,NULL),(808,'cama','ES628-73',997.15,19.08,10,'Displ artic fx head of l femur, subs for clos fx w nonunion',31,NULL),(809,'plancha','F5972-36',909.85,16.35,11,'Toxic effect of herbicides and fungicides, accidental',572,NULL),(810,'Secadora','IX490-63',498.14,11.88,3,'Exposure to smoke in controlled fire in bldg, init',940,NULL),(811,'cama','ZD531-10',115.52,14.52,1,'Exposure to other prolonged low air pressure, sequela',288,NULL),(812,'Televisora','PD850-97',295.68,16.45,4,'Mech comp of implanted electrnc stimulator of nervous sys',959,NULL),(813,'plancha','WC022-79',340.85,12.14,4,'Driver of pk-up/van injured in clsn w nonmtr vehicle in traf',596,NULL),(814,'Laptop','77484-63',533.17,13.91,11,'Blister (nonthermal), left foot, sequela',156,NULL),(815,'comedor','H3803-33',705.06,17.73,7,'Displaced fracture of neck of right radius',983,NULL),(816,'Televisora','HB759-21',609.04,13.48,8,'Other superficial bite of hip, right hip, sequela',493,NULL),(817,'Laptop','L0487-35',245.63,12.19,5,'Poisoning by antigonadtr/antiestr/antiandrg, NEC, acc, init',509,NULL),(818,'Lavadora','6N779-63',152.30,11.70,9,'Other secondary gout, left wrist',547,NULL),(819,'Smart TV 32','ZE030-31',223.50,19.80,5,'Corrosion of first degree of right shoulder, init encntr',579,NULL),(820,'Smart TV 42','8G899-71',133.41,11.02,8,'Renal hypoplasia, bilateral',660,NULL),(821,'Televisora','UY896-07',654.57,17.10,3,'Sltr-haris Type II physl fx low end rad, unsp arm, 7thK',92,NULL),(822,'Secadora','1D022-26',774.34,18.85,3,'Cystic meniscus, unspecified medial meniscus, right knee',915,NULL),(823,'cama','EI605-00',679.14,17.25,7,'Osteomyelitis of vertebra, cervicothoracic region',220,NULL),(824,'Lavadora','XJ033-31',283.46,13.09,4,'Poisoning by penicillins, undetermined',475,NULL),(825,'plancha','17886-29',646.99,10.03,10,'Corrosion of first degree of unsp upper arm, init encntr',802,NULL),(826,'comedor','I5173-58',398.97,13.90,3,'External constriction of part of throat, sequela',56,NULL),(827,'plancha','GZ072-94',439.87,12.83,8,'Nondisp suprcndl fx w intrcndl extn low end unsp femr, sqla',181,NULL),(828,'Lavadora','LT224-50',970.36,14.06,1,'Laceration of liver, unspecified degree, subs encntr',689,NULL),(829,'Smart TV 64','26272-14',494.54,17.47,9,'Blister (nonthermal) of left shoulder, subsequent encounter',610,NULL),(830,'Smart TV 32','BI225-04',939.18,17.52,7,'Other multiple births, some liveborn',664,NULL),(831,'Refrigeradora','WD178-51',695.47,18.08,8,'Unsp inj intrinsic msl/tnd at ank/ft level, r foot, sequela',133,NULL),(832,'Smart TV 42','71572-28',268.55,19.44,11,'Poisoning by thrombolytic drug, intentional self-harm, subs',387,NULL),(833,'comedor','A1177-96',623.40,11.47,8,'Unsp fx low end unsp femr, 7thQ',176,NULL),(834,'cama','AR593-57',105.41,10.59,2,'Toxic effect of gases, fumes and vapors, undet, sequela',952,NULL),(835,'Televisora','SL203-73',676.96,12.18,3,'Finding of opiate drug in blood',514,NULL),(836,'Lavadora','Z2409-08',889.65,12.71,9,'Sprain of posterior cruciate ligament of left knee',100,NULL),(837,'comedor','U6785-44',663.92,15.84,2,'Helicopter explosion injuring occupant',758,NULL),(838,'Televisora','FJ749-75',941.13,19.32,5,'Symblepharon, right eye',134,NULL),(839,'Televisora','H7561-46',306.85,10.39,10,'Toxic effect of alcohols, accidental, sequela',246,NULL),(840,'Televisora','WZ106-89',760.58,19.19,11,'Other specified disorders of tendon, right ankle and foot',64,NULL),(841,'Smart TV 64','IA097-50',393.87,19.49,1,'Unsp fracture of right patella, init for opn fx type I/2',476,NULL),(842,'comedor','JS739-42',630.10,17.02,1,'Other infective (teno)synovitis',547,NULL),(843,'Secadora','0A972-42',302.65,14.56,8,'Unspecified dislocation of right foot, initial encounter',853,NULL),(844,'Televisora','E6221-46',700.87,18.40,2,'Car driver injured in collision w van in nontraffic accident',386,NULL),(845,'Laptop','F1198-78',997.08,16.87,4,'Injury of oth nerves at lower leg level, unsp leg, subs',842,NULL),(846,'Refrigeradora','RT538-52',699.38,16.91,11,'Burn of unspecified degree of right upper arm, init encntr',204,NULL),(847,'Smart TV 42','3D931-03',743.29,16.30,2,'Nondisp transverse fx shaft of r rad, 7thC',469,NULL),(848,'Refrigeradora','S8590-56',551.87,13.38,7,'Idiopathic orofacial dystonia',459,NULL),(849,'Smart TV 42','YN035-38',992.19,14.79,6,'Truck as the place of occurrence of the external cause',37,NULL),(850,'plancha','88495-84',125.45,18.80,5,'Pedl cyclst injured in trnsp accident w military vehicle',153,NULL),(851,'Smart TV 42','OP356-76',228.62,16.39,8,'Displ apophyseal fx r femur, subs for clos fx w routn heal',702,NULL),(852,'Smart TV 64','MQ783-25',691.48,17.99,8,'Matern care for viable fetus in abd preg, third tri, fetus 3',481,NULL),(853,'Smart TV 64','WW006-61',430.99,13.90,11,'Partial traumatic amp of two or more unsp lesser toes, subs',885,NULL),(854,'comedor','XY167-10',518.96,18.22,4,'Displ transverse fx shaft of l rad, 7thP',792,NULL),(855,'Refrigeradora','AH116-67',364.49,17.21,10,'Corros 50-59% of body surface w 40-49% third degree corros',863,NULL),(856,'Secadora','1B129-88',846.97,13.98,8,'Unsp injury of unsp tibial artery, left leg, init encntr',614,NULL),(857,'Laptop','75323-81',146.83,15.56,3,'Occup of bus injured in collision w ped/anml nontraf, subs',336,NULL),(858,'Smart TV 64','VI661-40',433.76,15.65,8,'Maternal care for oth abnlt of gravid uterus, first tri',23,NULL),(859,'comedor','EG141-89',711.51,10.09,2,'Cytomegaloviral mononucleosis with polyneuropathy',116,NULL),(860,'Smart TV 42','BS516-65',100.39,14.37,6,'Non-ST elevation (NSTEMI) myocardial infarction',3,NULL),(861,'Televisora','2Z792-32',574.27,14.08,1,'Displ transverse fx shaft of humer, r arm, 7thP',258,NULL),(862,'Smart TV 64','CI586-51',670.59,16.07,4,'Nondisp fx of lateral condyle of r humer, 7thK',353,NULL),(863,'plancha','E5613-28',408.16,18.73,11,'Other erythematous conditions',688,NULL),(864,'Secadora','Q1897-71',975.86,18.72,6,'Spacecraft collision injuring occupant, sequela',837,NULL),(865,'Laptop','BZ723-54',435.99,17.25,5,'Acute noninfective otitis externa',902,NULL),(866,'Lavadora','1G009-24',142.46,17.69,3,'Obturator subluxation of right hip, sequela',717,NULL),(867,'comedor','1Z348-18',145.86,15.33,2,'Other specified injury of superior vena cava, sequela',135,NULL),(868,'Smart TV 42','R8425-03',445.65,10.05,9,'Toxic effect of contact with other venomous fish',298,NULL),(869,'Lavadora','WT367-16',934.00,14.26,7,'Acute and subacute hepatic failure without coma',659,NULL),(870,'Refrigeradora','QJ714-95',804.33,11.26,8,'Inj unsp musc/fasc/tend at thigh level, left thigh, init',12,NULL),(871,'Smart TV 42','T2208-26',891.45,17.37,10,'Disp fx of med malleolus of r tibia, 7thG',629,NULL),(872,'Televisora','1H461-03',826.91,16.66,3,'Leakage of intraperitoneal dialysis catheter, init encntr',961,NULL),(873,'Smart TV 42','J7842-86',296.26,14.58,7,'Charcot\'s joint, hand',83,NULL),(874,'Smart TV 42','OA906-72',944.76,14.78,7,'Fall on board merchant ship',792,NULL),(875,'Secadora','B8589-10',378.74,16.39,10,'Mixed cellularity Hodgkin lymphoma',205,NULL),(876,'Secadora','B1804-62',107.68,16.42,9,'Unsp fx the lower end unsp rad, init for opn fx type 3A/B/C',149,NULL),(877,'Lavadora','3U923-90',944.42,16.55,6,'Hit by falling object due to acc to unpowr wtrcrft, init',939,NULL),(878,'Televisora','75801-65',751.04,17.10,1,'Unspecified balloon accident injuring occupant, sequela',985,NULL),(879,'Smart TV 32','QQ183-55',408.96,11.26,7,'Other osteonecrosis, shoulder',377,NULL),(880,'comedor','UT571-91',224.58,15.64,8,'Open bite, unspecified ankle, subsequent encounter',554,NULL),(881,'cama','ER732-97',677.58,10.11,8,'Foreign body in cornea, left eye, initial encounter',716,NULL),(882,'Smart TV 42','SR986-69',356.45,19.25,2,'Traum rupture of ligament of r idx fngr at MCP/IP jt, init',343,NULL),(883,'Smart TV 42','WD070-00',900.68,19.00,1,'Unspecified complications of amputation stump',469,NULL),(884,'Smart TV 42','M1123-55',142.82,15.84,7,'Adverse effect of antiparkns drug/centr musc-tone depr, subs',111,NULL),(885,'Laptop','TD425-24',929.06,17.27,1,'Injury of unsp nerve at wrs/hnd lv of unsp arm, sequela',935,NULL),(886,'plancha','RY689-04',597.67,12.67,5,'Inhalant depend w inhalnt-induce psych disorder w hallucin',890,NULL),(887,'Lavadora','D9798-82',267.16,12.14,8,'Unspecified choroidal detachment, left eye',833,NULL),(888,'comedor','9L995-83',325.93,16.18,1,'Asphyxiation',608,NULL),(889,'cama','32672-39',732.56,19.33,4,'Corrosion of second degree of scalp [any part]',792,NULL),(890,'Smart TV 64','DY084-78',304.90,12.16,7,'Merkel cell carcinoma of skin of breast',683,NULL),(891,'Secadora','P4497-48',526.88,15.90,11,'Posterior disp fx of sternal end of left clavicle, init',71,NULL),(892,'Refrigeradora','S8939-47',795.11,12.00,4,'Animl-ridr or occ of anml-drn veh inj in clsn w animl riddn',734,NULL),(893,'Lavadora','IY430-21',145.41,11.35,3,'Corrosion of second degree of unspecified thigh, sequela',997,NULL),(894,'plancha','2V290-23',171.17,14.60,7,'Toxic effect of unsp pesticide, accidental, sequela',481,NULL),(895,'Laptop','K7240-86',471.93,19.60,5,'Broken internal joint prosthesis, other site, sequela',217,NULL),(896,'Smart TV 32','R1715-30',717.01,17.43,2,'Mtrcy passenger injured in clsn w 2/3-whl mv in traf, init',160,NULL),(897,'Televisora','G8919-47',159.40,15.09,9,'Breakdown of electronic bone stimulator, sequela',922,NULL),(898,'Secadora','FW734-99',430.68,13.15,4,'Penetrating wound of orbit w or w/o fb, right eye, subs',954,NULL),(899,'cama','ZP559-94',798.83,16.32,8,'Nondisp unsp condyle fx low end unsp femr, 7thC',977,NULL),(900,'Refrigeradora','0Y952-84',115.99,19.99,8,'Part traum amp at level betw elbow and wrist, unsp arm, init',63,NULL),(901,'cama','NI250-16',276.67,11.54,1,'Poisoning by oth drug aff the autonm nervous sys, acc, init',142,NULL),(902,'Smart TV 32','2U599-38',942.37,15.61,1,'Superficial foreign body of left elbow, subsequent encounter',806,NULL),(903,'Laptop','9U914-69',583.07,17.43,7,'Long term (current) use of antibiotics',969,NULL),(904,'comedor','D5673-16',232.18,18.75,3,'Malig neoplasm of upper-outer quadrant of left female breast',717,NULL),(905,'cama','Z5170-86',582.01,19.47,1,'Disp fx of proximal phalanx of left great toe, sequela',301,NULL),(906,'comedor','OA912-29',685.84,15.80,9,'Malfunction of incontinent external stoma of urinary tract',535,NULL),(907,'Laptop','20532-72',875.98,13.14,10,'Displ intertroch fx unsp femur, init for opn fx type 3A/B/C',412,NULL),(908,'Televisora','7C555-22',642.02,11.28,2,'Struck by goose, initial encounter',894,NULL),(909,'Refrigeradora','PH246-79',290.55,10.17,5,'Frostbite with tissue necrosis of head',645,NULL),(910,'Smart TV 64','2A968-45',897.67,13.97,8,'Insect bite of unsp eyelid and periocular area, sequela',613,NULL),(911,'plancha','US338-21',307.81,15.23,4,'Pasngr in hv veh inj pick-up truck, pk-up/van in traf, subs',729,NULL),(912,'Refrigeradora','1A580-00',959.51,16.08,5,'Toxic effect of unsp inorganic substance, assault, sequela',768,NULL),(913,'Televisora','NN632-71',115.26,10.55,10,'Unsp fx upper end unsp tibia, subs for clos fx w routn heal',709,NULL),(914,'Televisora','2I683-16',959.70,17.70,2,'Terrorism involving fire/hot subst, terrorist injured, subs',745,NULL),(915,'comedor','1G572-44',514.96,14.67,1,'Torus fx upper end of l humerus, subs for fx w nonunion',382,NULL),(916,'Smart TV 42','4V272-11',800.92,14.46,4,'Burn unsp deg mult sites of right shldr/up lmb, ex wrs/hnd',921,NULL),(917,'cama','UB736-76',309.73,12.84,8,'Military operations involving other firearms discharge',581,NULL),(918,'comedor','ZF130-70',593.17,12.54,9,'Unspecified complication of procedure',373,NULL),(919,'Smart TV 32','2C434-94',684.17,10.43,8,'Fracture of oth skull and facial bones, left side',10,NULL),(920,'Secadora','Y8919-75',136.03,10.78,11,'Breakdown (mechanical) of vascular dialysis catheter',947,NULL),(921,'Smart TV 64','LQ914-29',510.37,16.22,4,'Unspecified fracture of unspecified lower leg',531,NULL),(922,'Televisora','TB023-20',921.60,11.42,4,'Junctional premature depolarization',744,NULL),(923,'Smart TV 64','NH904-10',627.68,13.55,11,'Unspecified injury of lung, unilateral, subsequent encounter',955,NULL),(924,'comedor','0J535-26',147.74,12.98,3,'Leakage of graft of urinary organ, subsequent encounter',609,NULL),(925,'Smart TV 42','UT224-28',385.57,11.21,6,'Mech compl of artificial heart, initial encounter',927,NULL),(926,'comedor','QF320-78',799.06,15.21,5,'4-part fx surg neck of l humerus, subs for fx w delay heal',749,NULL),(927,'Laptop','0D357-01',457.40,19.61,8,'Postdysenteric arthropathy, elbow',377,NULL),(928,'Televisora','8D124-32',987.76,14.53,2,'Person injured in clsn betw car and 2/3-whl pwr veh, init',276,NULL),(929,'comedor','JR889-11',601.00,11.33,5,'Contus/lac/hem brnst w LOC >24 hr w/o ret consc w surv, subs',500,NULL),(930,'Secadora','QU527-82',509.59,10.32,3,'Fall same lev from slip/trip w strike agnst unsp obj, sqla',409,NULL),(931,'Lavadora','S1720-98',604.38,13.37,10,'Edema of right eye, unspecified eyelid',462,NULL),(932,'Refrigeradora','O5383-71',522.04,12.24,4,'Ganglion, unspecified shoulder',826,NULL),(933,'Televisora','W0775-35',717.66,10.15,9,'Underdosing of thyroid hormones and substitutes, init encntr',690,NULL),(934,'cama','E4155-47',821.21,18.86,3,'Other cyst of bone, thigh',821,NULL),(935,'Lavadora','PR932-55',115.22,10.49,7,'Coma scale, best motor, flexion withdrawal, unsp time',292,NULL),(936,'Secadora','CZ771-48',134.61,15.91,9,'Contusion of lung, unspecified, subsequent encounter',112,NULL),(937,'Televisora','1B871-44',562.81,12.49,3,'Nondisp fx of ant column of left acetab, init for opn fx',31,NULL),(938,'Smart TV 42','8M604-69',983.94,19.22,9,'Displaced pilon fx right tibia, init for opn fx type I/2',557,NULL),(939,'Smart TV 64','OL174-07',219.61,12.27,7,'Puncture wound with foreign body of trachea, subs encntr',785,NULL),(940,'Smart TV 42','1C592-86',387.37,12.50,7,'Asphyxiation due to hanging, assault, initial encounter',743,NULL),(941,'cama','GH898-75',779.27,13.38,2,'Fall from, out of or through window, subsequent encounter',971,NULL),(942,'plancha','K4322-66',995.61,16.94,11,'Craniorachischisis',220,NULL),(943,'cama','UO617-26',797.26,12.75,6,'Nondisp lateral mass fx 1st cervcal vert, 7thK',930,NULL),(944,'Secadora','F8164-73',972.07,18.52,3,'Other branched-chain organic acidurias',593,NULL),(945,'plancha','FV473-87',537.58,19.92,9,'Unsp fx head of r femur, subs for opn fx type I/2 w nonunion',812,NULL),(946,'comedor','FB303-73',842.90,11.32,1,'Unsp car occupant injured in collision w SUV in traf, subs',721,NULL),(947,'Smart TV 32','ID797-38',355.89,12.86,4,'Diffuse TBI w LOC w death due to oth cause bf consc, sequela',799,NULL),(948,'Televisora','32247-14',528.93,13.48,4,'Unspecified water transport accident, sequela',207,NULL),(949,'comedor','NB460-72',913.41,18.86,6,'Burns of oth parts of right eye and adnexa, init encntr',657,NULL),(950,'Smart TV 42','XH724-60',964.25,14.97,4,'Type III traum spondylolysis of 4th cervcal vert, 7thB',145,NULL),(951,'comedor','WZ359-61',459.45,12.94,3,'Breakdown (mechanical) of int fix of left femur, init',366,NULL),(952,'Smart TV 32','E1044-82',381.06,18.28,8,'Nondisp oblique fx shaft of unsp tibia, 7thF',174,NULL),(953,'Smart TV 32','I4514-08',340.76,17.83,2,'Bone donor, autologous',969,NULL),(954,'Televisora','3E290-96',670.80,14.61,8,'Surgical instrumnt, matrl and otorhino devices assoc w incdt',211,NULL),(955,'Smart TV 32','T4050-83',750.54,14.64,1,'Bus occupant injured in collision w statnry object',363,NULL),(956,'Secadora','EE641-38',884.92,16.48,8,'Unsp physeal fx lower end of humerus, right arm, init',647,NULL),(957,'cama','DA335-06',514.77,13.49,7,'Oth injury of femoral vein at hip and thigh level, unsp leg',105,NULL),(958,'Televisora','U2314-70',995.02,19.90,2,'Toxic effect of harmful algae and algae toxins, undet, subs',551,NULL),(959,'Smart TV 32','R3441-15',631.85,14.09,3,'Pnctr w/o foreign body of l little finger w damage to nail',742,NULL),(960,'Televisora','X1062-11',696.94,11.83,1,'Papyraceous fetus, second trimester, fetus 3',269,NULL),(961,'Smart TV 64','6L921-89',867.36,16.89,7,'Unsp fx shaft of unsp femr, 7thE',709,NULL),(962,'Secadora','E0695-00',501.21,15.72,3,'Subluxation stenosis of neural canal of sacral region',349,NULL),(963,'Smart TV 64','DQ720-89',676.38,13.55,4,'Nondisplaced Zone I fracture of sacrum, init for clos fx',591,NULL),(964,'Televisora','DP587-26',350.82,10.05,6,'Inj muscle, fascia and tendon of oth prt biceps, left arm',595,NULL),(965,'comedor','1G195-53',428.89,18.67,10,'Poisoning by unsp nonopi analgs/antipyr/antirheu, acc',205,NULL),(966,'Televisora','HH213-00',557.59,14.12,11,'Inferior dislocation of right acromioclavicular joint, init',95,NULL),(967,'Smart TV 32','HS494-16',504.62,15.53,7,'Toxic effect of venom of other snake, assault',516,NULL),(968,'Laptop','9U409-09',127.61,15.64,7,'Secondary infectious iridocyclitis, bilateral',386,NULL),(969,'Lavadora','T3892-51',657.29,13.99,11,'Displ oblique fx shaft of unsp rad, 7thP',690,NULL),(970,'Smart TV 64','65387-15',171.41,19.25,8,'Obturator dislocation of left hip, initial encounter',828,NULL),(971,'Secadora','AE356-52',327.06,14.74,6,'Contracture, unspecified hand',58,NULL),(972,'Lavadora','VP966-34',762.67,15.71,10,'Retinopathy of prematurity, stage 0, right eye',489,NULL),(973,'Secadora','G7814-81',482.66,13.59,2,'LeFort fracture',973,NULL),(974,'Secadora','2P258-51',966.83,10.50,5,'Inj musc/tend peroneal grp at low leg level, unsp leg, init',268,NULL),(975,'plancha','T4885-07',441.90,12.18,4,'Nondisp commnt fx shaft of unsp femr, 7thC',836,NULL),(976,'cama','92862-25',743.25,14.27,5,'Oth congen malform of upper limb(s), inc shoulder girdle',958,NULL),(977,'Televisora','RF760-46',443.73,12.22,2,'Laceration without foreign body of ear',253,NULL),(978,'Smart TV 42','LO444-15',435.35,19.01,8,'Adjustment disorder w mixed disturb of emotions and conduct',673,NULL),(979,'Televisora','HV362-45',501.90,16.34,5,'Burn of third degree of right knee, subsequent encounter',262,NULL),(980,'Secadora','02654-24',163.83,15.47,2,'Fatigue fx vertebra, lumbar region, subs for fx w delay heal',448,NULL),(981,'Laptop','KK885-47',561.36,12.57,7,'Underdosing of androgens and anabolic congeners, init encntr',943,NULL),(982,'Laptop','R8968-19',506.35,19.02,8,'Athscl native art of left leg w ulcer of heel and midfoot',20,NULL),(983,'plancha','90899-30',271.90,10.73,3,'Contus/lac l cereb w LOC w death d/t brain injury bf consc',348,NULL),(984,'Refrigeradora','N3482-99',207.93,19.46,8,'Other problems related to education and literacy',987,NULL),(985,'Secadora','UJ510-94',578.34,19.84,1,'Burns of 90%/more of body surfc w 90%/more third deg burns',155,NULL),(986,'plancha','YU201-13',888.05,10.03,6,'Stable burst fx second thor vert, subs for fx w delay heal',968,NULL),(987,'Lavadora','LC254-07',737.97,14.58,1,'Complications of reattached (part of) lower extremity',102,NULL),(988,'Televisora','GO076-18',930.32,15.33,10,'Infection specific to the perinatal period, unspecified',295,NULL),(989,'cama','GU415-95',971.17,12.48,8,'Oth fracture of unsp patella, subs for clos fx w malunion',837,NULL),(990,'cama','5M551-61',877.07,16.99,4,'Nondisp fx of medial wall of unsp acetabulum, init',645,NULL),(991,'Laptop','2N072-29',184.34,19.52,3,'Oth incomplete lesion at unsp level of thoracic spinal cord',950,NULL),(992,'cama','JP569-49',316.07,18.84,6,'Dislocation of other parts of unsp shoulder girdle, sequela',95,NULL),(993,'Secadora','C0879-47',467.73,13.38,6,'Other specified injuries of forearm',906,NULL),(994,'Smart TV 64','7M301-28',661.44,13.02,4,'Pathological fracture, left ankle, subs for fx w routn heal',704,NULL),(995,'plancha','2T106-39',789.87,11.31,11,'Laceration of oth blood vessels of thorax, left side, init',178,NULL),(996,'plancha','EU825-12',789.54,12.32,4,'Displ transverse fx right acetab, subs for fx w delay heal',988,NULL),(997,'comedor','F6760-73',619.97,19.50,11,'Displ seg fx shaft of unsp tibia, 7thQ',420,NULL),(998,'Televisora','CB823-09',879.68,10.14,11,'Ped on rolr-skt injured in collision w pedl cyc, unsp, subs',894,NULL),(999,'Smart TV 32','91484-93',904.45,13.44,6,'Disp fx of anterior process of unsp calcaneus, sequela',484,NULL),(1000,'comedor','8K052-77',254.92,11.96,11,'Explosion and rupture of other specified pressurized devices',206,NULL);
/*!40000 ALTER TABLE `productos` ENABLE KEYS */;
UNLOCK TABLES;

--
-- Temporary view structure for view `productosvista`
--

DROP TABLE IF EXISTS `productosvista`;
/*!50001 DROP VIEW IF EXISTS `productosvista`*/;
SET @saved_cs_client     = @@character_set_client;
/*!50503 SET character_set_client = utf8mb4 */;
/*!50001 CREATE VIEW `productosvista` AS SELECT 
 1 AS `Id_Producto`,
 1 AS `Producto`,
 1 AS `Serie`,
 1 AS `precio`,
 1 AS `marca`,
 1 AS `descripcion`,
 1 AS `proveedor`,
 1 AS `inventario`*/;
SET character_set_client = @saved_cs_client;

--
-- Table structure for table `proveedor`
--

DROP TABLE IF EXISTS `proveedor`;
/*!40101 SET @saved_cs_client     = @@character_set_client */;
/*!50503 SET character_set_client = utf8mb4 */;
CREATE TABLE `proveedor` (
  `Id_proveedor` int(11) NOT NULL AUTO_INCREMENT,
  `Proveedor` varchar(50) DEFAULT NULL,
  `edad` int(11) DEFAULT NULL,
  `numero` varchar(10) DEFAULT NULL,
  PRIMARY KEY (`Id_proveedor`)
) ENGINE=InnoDB AUTO_INCREMENT=1001 DEFAULT CHARSET=utf8mb4 COLLATE=utf8mb4_0900_ai_ci;
/*!40101 SET character_set_client = @saved_cs_client */;

--
-- Dumping data for table `proveedor`
--

LOCK TABLES `proveedor` WRITE;
/*!40000 ALTER TABLE `proveedor` DISABLE KEYS */;
INSERT INTO `proveedor` VALUES (1,'Lorry Kinig',28,'78839988'),(2,'Kort Giovanni',42,'78155678'),(3,'Cara Anelay',40,'77833211'),(4,'Marijo Winsome',44,'71857275'),(5,'Lisa Palister',32,'70638625'),(6,'Becky Witterick',36,'79962866'),(7,'Daren Minger',26,'79147507'),(8,'Laurette Dobrovsky',50,'79800504'),(9,'Wes Adshead',28,'78635912'),(10,'Izabel Burdell',40,'73898226'),(11,'Ekaterina Callis',27,'70962663'),(12,'Norma Amberson',41,'74258864'),(13,'Bertina Sheach',45,'72313541'),(14,'Alyson Bezant',34,'76594343'),(15,'Daryl Jendrassik',47,'78296156'),(16,'Allyn Delahunty',27,'71330170'),(17,'Bertina Mansion',26,'70350783'),(18,'Marchelle Dunnett',35,'77565821'),(19,'Deck Wickey',34,'78382145'),(20,'Kathi Santry',27,'70976068'),(21,'Tybi Renshall',46,'74843384'),(22,'Atlante Bruckmann',30,'76771534'),(23,'Martguerita Castelain',34,'73826007'),(24,'Marika Huckabe',43,'79256744'),(25,'Di Foat',29,'76725094'),(26,'Annabela Burditt',49,'78620883'),(27,'Nannie Chilley',38,'77594775'),(28,'Abbi Threlkeld',39,'72289357'),(29,'Fredek Gavey',40,'73419845'),(30,'Esta Brigg',43,'70339529'),(31,'Mic McJury',49,'79243965'),(32,'Carlotta Calkin',40,'76375292'),(33,'Della Pinilla',33,'75730350'),(34,'Lemar McArley',50,'73686233'),(35,'Sascha Itzkovwitch',50,'76881686'),(36,'Otto Leaver',20,'77109488'),(37,'Felizio Bille',20,'72859560'),(38,'Cariotta Cawker',50,'76566265'),(39,'Martina Denes',39,'77044696'),(40,'Reeva Brownett',28,'75375032'),(41,'Bonny McBeath',48,'77712606'),(42,'Murry Wethered',37,'71333232'),(43,'Casper Udy',39,'77133199'),(44,'Fanchon Sweetzer',41,'74405528'),(45,'Conni MacNeachtain',34,'75955150'),(46,'Luz Bartoshevich',43,'71721338'),(47,'Deidre Grievson',43,'70396294'),(48,'Teddy Aronoff',21,'72993539'),(49,'Leodora Thoms',33,'74193841'),(50,'Noll Rutherforth',25,'76814600'),(51,'Trish Desvignes',43,'77214778'),(52,'Garnette Nunson',49,'72999847'),(53,'Shanna Beed',30,'75341021'),(54,'Gustavo Menure',25,'75510025'),(55,'Bail Govan',24,'72510524'),(56,'Nance Brodie',29,'70795510'),(57,'Jedd Strond',43,'72441118'),(58,'Katalin Redihalgh',23,'73443318'),(59,'Demott Clamo',44,'74899215'),(60,'Gilbertina Jeggo',35,'75134541'),(61,'Norrie MacMickan',22,'71309123'),(62,'Fran Welldrake',42,'72531130'),(63,'Emilio Murrish',35,'70611172'),(64,'Bram Harmon',36,'72408163'),(65,'Chrystel Hessel',29,'70065714'),(66,'Percival Lamplugh',49,'74271551'),(67,'Mahala Stiffkins',50,'78642284'),(68,'Kym Woodrooffe',42,'78970596'),(69,'Genevra Witz',48,'72842589'),(70,'Gabriele Ambroisin',45,'77325194'),(71,'Napoleon Brand-Hardy',42,'72494158'),(72,'Timi Pike',25,'70579240'),(73,'Tamqrah Cholomin',37,'76729042'),(74,'Gaynor Aronoff',35,'74480069'),(75,'Stanford Clowley',35,'70360223'),(76,'Barbabas Eayrs',37,'70691955'),(77,'Alanah Oades',21,'77291603'),(78,'Fred Luscombe',37,'75360190'),(79,'Agneta Stuttard',49,'70117392'),(80,'Anita Reisk',34,'79479796'),(81,'Etienne Buxton',26,'75531082'),(82,'Evie Walas',50,'75965842'),(83,'Anna-maria Boyd',21,'79210314'),(84,'Masha Moral',37,'78814231'),(85,'Elwira Bales',49,'71391193'),(86,'Louisette Ollarenshaw',21,'71988389'),(87,'Jo-anne Leipnik',49,'74963932'),(88,'Sophronia Scoggan',37,'72179004'),(89,'Julee Bellefant',48,'72391663'),(90,'Floris Pelosi',27,'79160744'),(91,'Inglis Collecott',23,'78850645'),(92,'Julianne Gerrelt',40,'79593508'),(93,'Datha Dyas',47,'75724967'),(94,'Wendel Rosa',31,'71861346'),(95,'Anstice Panton',31,'79007086'),(96,'Tedra Tribble',32,'71271842'),(97,'Bengt Maple',24,'70600416'),(98,'Mirella Turland',41,'74506528'),(99,'Berke Ipsley',24,'70748120'),(100,'Drusi Pipping',24,'78196386'),(101,'Caritta Pringle',23,'78544463'),(102,'Gannie Dumingos',36,'75377782'),(103,'Burlie Sopper',28,'78373650'),(104,'Phillip Shotter',41,'79501127'),(105,'Elvin Frangleton',30,'79195988'),(106,'Billye Somers',28,'71276586'),(107,'Kleon Sellers',35,'74975404'),(108,'Julina Kurt',49,'76432830'),(109,'Jsandye Grioli',21,'70433600'),(110,'Lester Gunter',48,'74267412'),(111,'Vickie Gibbieson',27,'70025340'),(112,'Tressa Hardiker',35,'74716199'),(113,'Demott Bier',25,'77516231'),(114,'Marabel Millmore',41,'75443424'),(115,'Arlyne Gobert',34,'75284618'),(116,'Waylon Twaite',43,'77854170'),(117,'Vinnie Gibbons',44,'74956547'),(118,'Klemens Durnford',22,'77155094'),(119,'Elle Carman',29,'75354442'),(120,'Larina Lounds',24,'76670608'),(121,'Zelda Coslett',25,'78860039'),(122,'Port Fabbri',29,'71547115'),(123,'Granthem Caldaro',24,'75296067'),(124,'Jilleen Scoyne',37,'77930911'),(125,'Marietta Bonnefin',46,'79810012'),(126,'Robyn Fowler',31,'73818841'),(127,'Tannie Bessell',34,'78288311'),(128,'Ase Cathrall',46,'74870251'),(129,'Panchito Hollington',29,'78391795'),(130,'Cecily Braferton',45,'70046932'),(131,'Andrea Cabena',36,'73749590'),(132,'Anderea Hurley',42,'73698602'),(133,'Galina Cornewall',43,'71873243'),(134,'Janeen Busher',30,'78724356'),(135,'Alphonso Taudevin',40,'72394392'),(136,'Angelika Casemore',20,'74392308'),(137,'Gisela Game',49,'77579808'),(138,'Maggee McCrisken',45,'78906918'),(139,'Guinna Jerram',50,'78986828'),(140,'Etan Janz',40,'71351896'),(141,'Thane Stayt',32,'72067936'),(142,'Trueman Yakob',49,'73842940'),(143,'Jody Flew',43,'73446548'),(144,'Karly Beeching',49,'74652699'),(145,'Jane Gravett',39,'77025971'),(146,'Adrien Marner',41,'70831913'),(147,'Thia Spensly',22,'72898417'),(148,'Sherrie Menier',45,'72479130'),(149,'Jess Wroughton',39,'74485754'),(150,'Ignaz Fenne',49,'76088844'),(151,'Leigh Oag',35,'73862392'),(152,'Eduino Dopson',41,'72912086'),(153,'Jareb Brose',37,'76365860'),(154,'Kerby Kempstone',49,'75517961'),(155,'Daphene Sheryn',31,'77402354'),(156,'Lars Ninotti',44,'71910349'),(157,'Winifred Seeviour',35,'74801784'),(158,'Helyn Sancho',21,'72666203'),(159,'Godfrey Svanetti',31,'77917161'),(160,'Rodi Snary',45,'74697537'),(161,'Kalvin Mcettrick',24,'74925848'),(162,'Abey Duffrie',30,'74324579'),(163,'Tomasine Barczynski',37,'72929394'),(164,'Annalee Autie',23,'70456342'),(165,'Tammie Muscat',48,'75712502'),(166,'Berk Zucker',28,'77675410'),(167,'Babbette Janus',44,'76256857'),(168,'Aura Wastie',48,'71763061'),(169,'Collette Klais',27,'76627717'),(170,'Leonie Bower',33,'76768840'),(171,'Euphemia Vallentine',35,'74443716'),(172,'Gregorius Blowen',24,'71743975'),(173,'Patricia Snalom',33,'70776079'),(174,'Liam Smurfitt',25,'74221371'),(175,'Beau Elsop',30,'71528231'),(176,'Lizzie Galland',30,'76249082'),(177,'Stormi O\'Cosgra',48,'75468351'),(178,'Harp Dain',35,'75085547'),(179,'Rolf Sawtell',41,'72695170'),(180,'Gar Boxell',26,'70408619'),(181,'Bryna Regglar',46,'77744183'),(182,'Cassi Wason',24,'78019680'),(183,'Osbert Gianullo',43,'77218042'),(184,'Cybill Branscombe',20,'74116099'),(185,'Aaren Crafter',36,'76036001'),(186,'Candie Sture',29,'77185337'),(187,'Land Dutnell',42,'75036944'),(188,'Anthiathia Langstrath',37,'73651711'),(189,'Elane Rove',38,'70055802'),(190,'Kevin Hartless',34,'74543322'),(191,'Corbet Conquer',21,'77969979'),(192,'Britt Lafee',34,'77238048'),(193,'Leigh Erwin',46,'72321081'),(194,'Kittie McGookin',44,'77687147'),(195,'Devlin Tailby',23,'74427935'),(196,'Tully Grigori',25,'72923622'),(197,'Lotti Beardsell',22,'76830532'),(198,'Valery Prosek',45,'74598568'),(199,'Moyna Geleman',25,'75875453'),(200,'Adolph Kobke',37,'74384769'),(201,'Guinna Shearmur',32,'76530943'),(202,'Gallagher Goulbourne',39,'71389832'),(203,'Courtney Dilke',28,'72385966'),(204,'Hyacinthie Olin',38,'72166799'),(205,'Barron Cansdale',27,'74573702'),(206,'Concettina Rastall',48,'72175280'),(207,'Wolf Martynikhin',25,'75652200'),(208,'Modesta Scanlan',35,'72662145'),(209,'Shurwood Lias',33,'70438483'),(210,'Merilee Kick',48,'76876376'),(211,'Estella Keemer',38,'77996117'),(212,'Lovell Howman',49,'72114279'),(213,'Jeanie de Cullip',25,'73312801'),(214,'Vivienne Denty',29,'76388781'),(215,'Tessa Yegorchenkov',35,'72948863'),(216,'Waverly Simonini',46,'71663238'),(217,'Charil Wiltshire',33,'78700897'),(218,'Anthia Carff',34,'71083637'),(219,'Maribeth Hallawell',39,'73436154'),(220,'Adriano Ketteman',34,'78732390'),(221,'Lindi Snoddy',37,'72024185'),(222,'Alvera Buzek',46,'79716208'),(223,'Donetta Sleath',30,'72407257'),(224,'Happy Pinchon',27,'79872490'),(225,'Gae Faldo',39,'79424059'),(226,'Kris Backe',37,'76859545'),(227,'Jandy Gawn',29,'77520337'),(228,'Friederike Beaves',33,'73490853'),(229,'Pammie Sambrook',37,'71036564'),(230,'Amity Anthonsen',46,'76812403'),(231,'Karly Cagan',37,'74047312'),(232,'Devinne Emslie',30,'79110755'),(233,'Ainslee Marusic',20,'70722297'),(234,'Drucill Dawkins',27,'73371478'),(235,'Sapphire Tsar',21,'75056053'),(236,'Priscilla Girtin',29,'75018599'),(237,'Ingeborg Bosch',44,'71360295'),(238,'Dredi Tossell',23,'77331807'),(239,'Bamby Mongeot',42,'76647523'),(240,'Gunilla Kovalski',28,'73168148'),(241,'Felicity Thyng',49,'73527544'),(242,'Andre Aleshkov',25,'78097761'),(243,'Brodie Billingsley',35,'70608598'),(244,'Vin Vegas',29,'74579083'),(245,'Julieta Eames',45,'73085211'),(246,'Rheba Trowsdale',29,'79547655'),(247,'Welbie Stanyer',30,'70774424'),(248,'Dari Nutten',37,'76738041'),(249,'Robbie Carnelley',28,'78575037'),(250,'Jeffy Najera',47,'74520060'),(251,'Dante Poveleye',28,'71603786'),(252,'Glynda Toombs',44,'76152000'),(253,'Rochette Petera',36,'79198915'),(254,'Gardiner Seeney',23,'71504264'),(255,'Alphonso Gianulli',36,'75373049'),(256,'Sherry Dunham',47,'73321276'),(257,'Talbert Byer',43,'72325449'),(258,'Riccardo Meeke',46,'72879367'),(259,'Gibby Colegate',31,'72266802'),(260,'Ceil Ranger',37,'76648825'),(261,'Sherman Kenneford',27,'77989234'),(262,'Bellanca Bratch',41,'71189915'),(263,'Hilly Josham',28,'72205497'),(264,'Hal Liggett',20,'77531024'),(265,'Roxine Onslow',22,'73688711'),(266,'Gerda O\'Donoghue',32,'70425192'),(267,'Lancelot Archbell',21,'78252632'),(268,'Edmund Jimmison',38,'74079532'),(269,'Itch Spaducci',35,'73542014'),(270,'Hyatt Cowap',30,'70808793'),(271,'Charmaine Rame',40,'76474972'),(272,'Bucky Snelman',35,'79386349'),(273,'Ned Gannicleff',28,'78064120'),(274,'Albrecht Tome',48,'75615793'),(275,'Vinny Blasl',44,'78354137'),(276,'Colby Waddilow',46,'77831558'),(277,'Lennie Hawkey',21,'79592510'),(278,'Fredrika Nuzzi',24,'72108614'),(279,'Ceciley Bircher',46,'76039138'),(280,'Xavier Lamball',49,'73053206'),(281,'Jerome Kempton',36,'70530400'),(282,'Wilfred Bauldrey',27,'75346698'),(283,'Hayden Cossans',37,'77103674'),(284,'Mannie Bang',29,'75929598'),(285,'Tim Gary',24,'76256441'),(286,'Corny Craigg',33,'72759282'),(287,'Kylie Showl',27,'78735085'),(288,'Pepi Pobjay',46,'79477634'),(289,'Say Straughan',27,'76922008'),(290,'Othilie Marke',23,'76310735'),(291,'Marylynne McAughtry',36,'72089652'),(292,'Greggory Coen',25,'72057458'),(293,'Chelsae Bogie',49,'71033623'),(294,'Laurent Caddy',42,'71692926'),(295,'Payton Bolland',25,'73415243'),(296,'Larisa Bowling',37,'72010425'),(297,'Silva Fardy',49,'70979958'),(298,'Rosalia Moohan',45,'79968963'),(299,'Peria Battersby',38,'77394414'),(300,'Aurora Pollastrino',29,'79440764'),(301,'Sabra Farebrother',40,'75686121'),(302,'Charlie Freezer',50,'76911624'),(303,'Cloris Flea',26,'78056183'),(304,'Maddie Linacre',50,'79798968'),(305,'Marni Cases',43,'75734399'),(306,'Anne-corinne De Castri',50,'75724600'),(307,'Ebba Reeks',26,'70673875'),(308,'Addy Escalante',29,'79156549'),(309,'Douglass Triswell',32,'76668049'),(310,'Janessa Philliskirk',26,'79628096'),(311,'Daile Boorer',24,'71293323'),(312,'Felicia Hannam',48,'79916697'),(313,'Lamar Dougher',42,'79976341'),(314,'Bernadene Pfleger',22,'78513935'),(315,'Arabele Derham',30,'73205107'),(316,'Tamiko Sisey',46,'72051528'),(317,'Corey Howsin',30,'75489710'),(318,'Forbes Bevan',47,'77371810'),(319,'Fredek Perview',35,'76342302'),(320,'Ailina Penhall',48,'70417683'),(321,'Talyah Meadmore',25,'71083542'),(322,'Marika Morden',36,'75447452'),(323,'Ana Quakley',35,'75950796'),(324,'Clara Geldard',20,'70460549'),(325,'Maye Doig',26,'72636722'),(326,'Ilyssa Craxford',45,'71697229'),(327,'Clevie Radcliffe',48,'71228716'),(328,'Thoma Throughton',45,'72960400'),(329,'Buddy Izzatt',24,'77992519'),(330,'Mikey Aleksich',41,'74774984'),(331,'Waneta MacGilmartin',20,'79510745'),(332,'Zena Gabits',21,'76969693'),(333,'Sacha Grinyakin',25,'79066946'),(334,'Osgood Worthington',35,'74809466'),(335,'Rolph Itzkowicz',39,'75994179'),(336,'Winonah Hawney',26,'71152701'),(337,'Kassandra Darell',46,'75518077'),(338,'Grantley Brewett',29,'77623098'),(339,'Jan Houchen',27,'72790515'),(340,'Constantine Rodgman',48,'73304030'),(341,'Shane Yong',20,'77559245'),(342,'Vivien Dare',44,'77614766'),(343,'Hersch Berrecloth',26,'73838893'),(344,'Domingo Kibbe',29,'72881747'),(345,'Merlina Hebdon',27,'72195707'),(346,'Lorry Gittens',22,'77018203'),(347,'Corilla Allso',24,'70037394'),(348,'Shelia Threadgall',23,'78105247'),(349,'Bendite Scogin',50,'70529743'),(350,'Sax Wipfler',23,'78713701'),(351,'Ramon Murrey',50,'79755459'),(352,'Hollyanne Tran',50,'75377929'),(353,'Prince Scrowby',22,'77927244'),(354,'Dorothy Pattingson',20,'75800023'),(355,'Cherianne Wilkins',33,'79801912'),(356,'Hastings Tunnadine',38,'78174192'),(357,'Kalinda Karppi',21,'71960523'),(358,'Pauly Belz',50,'76662875'),(359,'Wood Diggles',48,'74287397'),(360,'Babb Wing',44,'75783895'),(361,'Muire Folkes',26,'75697042'),(362,'Maria Tayt',28,'77417004'),(363,'Roana Preble',35,'77244811'),(364,'Traci Carnegy',24,'76984441'),(365,'Cassie Doole',30,'76151577'),(366,'Krispin Chuck',46,'74389089'),(367,'Chicky Choupin',44,'77603631'),(368,'Symon Yeatman',35,'77528082'),(369,'Shepperd O\'Regan',30,'78168698'),(370,'Franchot Gossage',34,'75482973'),(371,'Myer Tempest',29,'73381997'),(372,'Licha Balstone',42,'78991961'),(373,'Fae O\'Doghesty',49,'71333549'),(374,'Sullivan Shevlin',39,'70470110'),(375,'Prescott Lacroutz',21,'78720064'),(376,'Kandy Corney',40,'79164082'),(377,'Garry Phillipp',44,'71770768'),(378,'Danita Parcall',30,'74954547'),(379,'Katinka Windham',27,'73010494'),(380,'Auroora Cadell',49,'77084045'),(381,'Adeline Loding',31,'72062308'),(382,'Goldy Tittershill',40,'76601328'),(383,'Kev Paliser',45,'70964457'),(384,'Hercules Pleven',43,'78821319'),(385,'Kalila Addie',28,'70777545'),(386,'Margret Hutchcraft',41,'77631073'),(387,'Sandro Karpe',25,'71254503'),(388,'Rasla MacComiskey',26,'71771164'),(389,'Ian Melloi',38,'71356895'),(390,'Taite Drinkale',24,'73999320'),(391,'Dionisio Wall',43,'79266310'),(392,'Shermie De la Barre',38,'70110569'),(393,'Demetri Ducarne',42,'70411103'),(394,'Derrik Spinello',31,'71773706'),(395,'Manon MacAloren',42,'77935646'),(396,'Melisse Lucock',31,'71285320'),(397,'Mario Reith',23,'71652314'),(398,'Sayre Kingwell',46,'71787329'),(399,'Mycah Oleszczak',39,'75129559'),(400,'Brenna Garnam',44,'76110830'),(401,'George Fromant',41,'75791170'),(402,'Alexis Gronou',40,'73478153'),(403,'Erena Balam',23,'70992678'),(404,'Delmar Calafate',36,'70773064'),(405,'Powell Pennicott',50,'74812045'),(406,'Corey Holtaway',37,'72924103'),(407,'Karmen Brundrett',41,'76180507'),(408,'Kelli Pettie',46,'73643814'),(409,'Justinn Lilleycrop',36,'77285932'),(410,'Alma Attenbrow',40,'71148320'),(411,'Agace Garms',48,'77091631'),(412,'Gawen Trehearne',41,'73133121'),(413,'Korney Bortolini',43,'77384140'),(414,'Sybil Madgett',42,'78599120'),(415,'Willyt Hounsome',20,'71495849'),(416,'Erhart Raynton',20,'72304881'),(417,'Erda Quant',49,'79940909'),(418,'Margette Daft',44,'78427512'),(419,'Ermentrude Larmor',27,'74513160'),(420,'Valma Ivie',49,'72847474'),(421,'Lara Whitnall',48,'78144703'),(422,'Rolf Horley',49,'71240273'),(423,'Valerie Fruchter',44,'79087249'),(424,'Everett Capnerhurst',27,'77146392'),(425,'Darcie Filippo',27,'78419431'),(426,'Juliann Heardman',47,'75745965'),(427,'Karlis McCorkindale',35,'75409423'),(428,'Alejandro Pareman',38,'72928433'),(429,'Aimil Musla',25,'71615955'),(430,'Luce Barthelemy',31,'77335245'),(431,'Corinna Cale',37,'76502675'),(432,'Maisie Blethyn',40,'73334124'),(433,'Hill Notman',36,'78167719'),(434,'Welsh Bellord',25,'74519870'),(435,'Olenolin Petroselli',33,'79020435'),(436,'Marsh Blumfield',45,'74209066'),(437,'Paulie Grise',21,'78390032'),(438,'Thibaud Sirl',26,'71231879'),(439,'Griffith Starbeck',30,'75481910'),(440,'Fields Mealing',44,'74503707'),(441,'Jacquette Ianinotti',35,'71232976'),(442,'Natalina Tennison',28,'72660349'),(443,'Nalani Marquess',21,'72028359'),(444,'Burgess Risely',30,'79611194'),(445,'Marlin Celand',35,'75799314'),(446,'Gerry Brittin',42,'73348320'),(447,'Meghann Woodwin',42,'72026848'),(448,'Findlay Ashtonhurst',50,'75359903'),(449,'Myer Sebring',45,'73770499'),(450,'Midge Reichert',38,'78690800'),(451,'Cassandre Vasilchenko',34,'76320962'),(452,'Larina Speke',49,'77782337'),(453,'Harlin Dalzell',33,'79691103'),(454,'Sibelle MacCorley',49,'72037262'),(455,'Caty Cohen',28,'77731440'),(456,'Culley Ranking',50,'73248600'),(457,'Clarisse De Domenici',36,'77014134'),(458,'Zelda Deme',41,'71478264'),(459,'Kathy Eagland',29,'75247495'),(460,'Stanley Callaway',41,'71543436'),(461,'Homere Galloway',35,'77452960'),(462,'Ezekiel Trotter',35,'70686564'),(463,'Cassandre Billington',34,'71790114'),(464,'Sibella Hovell',44,'79386815'),(465,'Rikki Spatarul',35,'75079096'),(466,'Jania Lawrance',38,'72369414'),(467,'Pammie Sidle',22,'72270738'),(468,'Mayne Dewan',22,'78996519'),(469,'Cacilia De Pietri',21,'75176727'),(470,'Dehlia Maxwale',40,'76297011'),(471,'Dosi Hallad',46,'77007253'),(472,'Willard Kehir',22,'78405143'),(473,'Court Broader',28,'78988737'),(474,'Brander Bernette',24,'72986735'),(475,'Keelby Gorke',46,'74299993'),(476,'Jephthah Eves',46,'79559630'),(477,'Sheena Salzen',45,'78674747'),(478,'Marjory Rosenhaupt',41,'77939489'),(479,'Darin Fass',48,'76278207'),(480,'Antoinette Engall',26,'74914558'),(481,'Robena Orrocks',35,'75923434'),(482,'Bran Darracott',35,'75995917'),(483,'Hadley Cox',40,'76725863'),(484,'Waite Burberry',29,'77486654'),(485,'Beale McPhillips',37,'75475802'),(486,'Jase Burbridge',33,'72315362'),(487,'Misha Upwood',38,'79219485'),(488,'Cassondra Chessill',21,'79736657'),(489,'Marleah Reyburn',41,'77243960'),(490,'Cecelia Dusey',40,'77597988'),(491,'Linea Lambin',48,'74480104'),(492,'Francyne Symon',29,'71950639'),(493,'Donnajean Lowen',47,'71792718'),(494,'Amelie Beldan',24,'76290540'),(495,'Guillemette Di Batista',45,'74831746'),(496,'Krista Balcombe',50,'75634932'),(497,'Sylvan Kepling',26,'71934267'),(498,'Adelind Duns',47,'79270704'),(499,'Starlene Ive',22,'74358962'),(500,'Danielle Fleischer',30,'78123560'),(501,'Benjy Slixby',26,'74679779'),(502,'Morty Dederich',31,'78851533'),(503,'Tiffanie Billo',22,'71996924'),(504,'Suzie Eva',31,'70715708'),(505,'Tirrell Graves',27,'72804711'),(506,'Joseph McGurk',41,'79886423'),(507,'Linus Reville',31,'75110589'),(508,'Jackquelin Boston',26,'74896051'),(509,'Melosa Northridge',23,'78945913'),(510,'Philomena Lyfe',32,'79251828'),(511,'Arleen Wybrew',50,'78335333'),(512,'Max Corradetti',33,'78020852'),(513,'Issy Klasing',43,'75033804'),(514,'Burg Wethered',35,'76489013'),(515,'Harrie Burley',46,'79478715'),(516,'Dionis Di Maria',29,'72903508'),(517,'Margaux Laight',28,'71411436'),(518,'Amandie Indruch',40,'76481081'),(519,'Francoise Nettle',41,'74749969'),(520,'Romain De Simoni',24,'73060637'),(521,'Ginevra Lutwyche',41,'76619803'),(522,'Brod Letcher',28,'79960865'),(523,'Kerrie Wetton',37,'71124555'),(524,'Korie Meynell',49,'75711949'),(525,'Susanne Tollmache',43,'76039468'),(526,'Shelia Birtles',24,'73311548'),(527,'Perle Scholler',32,'76389365'),(528,'Roderigo Kirkhouse',34,'72273896'),(529,'Andreas Baty',20,'78324609'),(530,'Krispin Beartup',32,'72438109'),(531,'Sansone Bowley',44,'75180240'),(532,'Alejoa Heers',48,'74971613'),(533,'Catarina Schnitter',43,'73692625'),(534,'Heriberto Biaggiotti',43,'79262331'),(535,'Elita Forbear',34,'78947850'),(536,'Vonny Twiname',48,'73549805'),(537,'York Fibbens',39,'76941641'),(538,'Alleen Thurby',44,'74905914'),(539,'Peggie Bartell',34,'72993970'),(540,'Carolee Charge',24,'76468158'),(541,'Brandi Sollitt',23,'77467655'),(542,'Dedie Panter',41,'77087458'),(543,'Val McCandless',29,'76692981'),(544,'Ericha Gallagher',42,'73756199'),(545,'Evvie Yanyshev',47,'79582405'),(546,'Addison Kerford',48,'74123448'),(547,'Diann Fipp',41,'71338988'),(548,'Kellyann Beese',32,'77439583'),(549,'Maegan Kerrigan',37,'73995663'),(550,'Nickola Studd',43,'77244053'),(551,'Donica Mallya',22,'75569163'),(552,'Barbara-anne Humpage',41,'73147614'),(553,'Malvin Chimenti',39,'77543086'),(554,'Clo Baudi',28,'75426083'),(555,'Una Wilbor',41,'74852639'),(556,'Martelle Lyfield',45,'70381469'),(557,'Kelbee Danielut',35,'71225165'),(558,'Sibby Dixson',40,'71479690'),(559,'Ase Cannaway',43,'74993075'),(560,'Lawry Fackrell',43,'72984981'),(561,'Burlie Bloss',37,'79995226'),(562,'Marja Eagle',38,'72035268'),(563,'Oralle Chieco',32,'72785099'),(564,'Cecile Sizey',25,'70226281'),(565,'Lara Saben',23,'70948734'),(566,'Ahmed Tyrwhitt',29,'78128724'),(567,'Emogene Radin',31,'77407928'),(568,'Bernita Poznan',28,'72761901'),(569,'Estele Eisak',26,'74193487'),(570,'Sue Ostrich',50,'75168877'),(571,'Mia Novill',44,'71460771'),(572,'Sonnnie Randalston',43,'79468878'),(573,'Thacher Rapin',36,'72510392'),(574,'Seana Muat',30,'79579851'),(575,'Aldon Bilborough',44,'75410517'),(576,'Devonna Langthorn',46,'72174931'),(577,'Wang Rhydderch',50,'74262804'),(578,'Chadd Backshall',28,'73940995'),(579,'Bradan Faraday',41,'71534295'),(580,'Mickie Coverdill',32,'71097355'),(581,'Isadore McSkeagan',25,'79562326'),(582,'Janna Seefeldt',21,'70279080'),(583,'Dona Fidelus',41,'79943132'),(584,'Berrie Steen',21,'76975960'),(585,'Calv Griswaite',48,'74060128'),(586,'Faydra Paal',44,'78467806'),(587,'Leigh Propper',31,'71532968'),(588,'Colleen de Leon',22,'70471116'),(589,'Federico Manclark',28,'71212314'),(590,'Gerhard Seaking',32,'75772007'),(591,'Kamillah Ruegg',44,'72230733'),(592,'Aaren Carleton',44,'70469003'),(593,'Mufi Jerrams',49,'77110500'),(594,'Sashenka O\'Cahill',22,'74436001'),(595,'Gretta Bagenal',46,'71935290'),(596,'Massimiliano Bridgett',24,'78826955'),(597,'Linzy Hedden',41,'73288912'),(598,'Vin Shulem',23,'76267569'),(599,'Elsa Lieber',27,'71088391'),(600,'Genovera Antonsson',45,'73058701'),(601,'Swen Washtell',27,'75751074'),(602,'Rivalee Sly',23,'76819481'),(603,'Joline Maidment',22,'74641010'),(604,'Glennis Dodimead',23,'76202233'),(605,'Sean Tellenbrook',48,'78635801'),(606,'Shana Buggs',50,'76181334'),(607,'Hewet Rattray',48,'76217085'),(608,'Sinclair Pigne',37,'72011165'),(609,'Templeton Kurtis',46,'71819305'),(610,'Moreen Pakes',26,'71369420'),(611,'Husein Muggleston',23,'72299262'),(612,'Sabine Beagin',31,'79144630'),(613,'Chevy Beaby',27,'75953469'),(614,'Meggie Skip',46,'78437724'),(615,'Blancha Missenden',26,'77189667'),(616,'Tan Fills',39,'74101214'),(617,'Kendricks Scrivner',23,'72493134'),(618,'Fran Jecks',47,'72628674'),(619,'Estel Nussey',27,'79259132'),(620,'Rivalee Tourmell',41,'72519407'),(621,'Sigfried Loffel',44,'71283125'),(622,'Minette Girton',21,'76516717'),(623,'Durand Titchard',27,'73290868'),(624,'Giuseppe Purchase',42,'76262049'),(625,'Sosanna Timlin',46,'73742907'),(626,'Lilllie Rodda',49,'77967576'),(627,'Stu Murrhaupt',21,'70755744'),(628,'Rex Suff',23,'73130093'),(629,'Elston Prevett',42,'73238773'),(630,'Heath Laviss',23,'75446271'),(631,'Benjy Shoesmith',29,'70914056'),(632,'Rick Wickes',48,'78624671'),(633,'Cosetta Tyres',23,'76265086'),(634,'Seka Rubberts',43,'75388510'),(635,'Omar Andrioni',38,'79968957'),(636,'Seline Dradey',41,'79700681'),(637,'Abie Scambler',45,'74260972'),(638,'Riane Jorry',38,'70594535'),(639,'Lew Cutill',43,'77546413'),(640,'Camile Mapples',33,'76835650'),(641,'Tabbi Batteson',27,'72012073'),(642,'Clayson Payne',37,'73872247'),(643,'Kiri Anthoney',39,'73225415'),(644,'Meyer Grigoriscu',36,'71417667'),(645,'Viviyan Wahlberg',48,'72740666'),(646,'Elisabeth McKean',35,'72538639'),(647,'Leora Weepers',21,'70285915'),(648,'Tiler Baldree',39,'71264742'),(649,'Eve Strowger',22,'79099881'),(650,'Allyson Montes',43,'72043684'),(651,'Jennine Clissett',25,'76546079'),(652,'Quentin Stimpson',21,'70629917'),(653,'Skelly McSharry',49,'74701282'),(654,'Francesco Pinke',41,'73413401'),(655,'Chelsey Heijnen',38,'78666051'),(656,'Alick Peake',35,'73920995'),(657,'Domingo Petris',21,'76928776'),(658,'Fonzie Rosone',37,'78823960'),(659,'Taddeusz Grigaut',23,'71610281'),(660,'Rudolf Arthars',48,'72668347'),(661,'Danika Foulger',37,'74104242'),(662,'Shepard Burlingame',37,'75852468'),(663,'Erick Diddams',22,'78538163'),(664,'Timmy Slocumb',26,'74273645'),(665,'Boyce Martynikhin',44,'73533610'),(666,'Antonetta Grafton',27,'76649807'),(667,'Cull Hartill',35,'73561424'),(668,'Darda De Andreis',26,'79938276'),(669,'Bern Kareman',31,'73214498'),(670,'Delphinia Lanfere',24,'73411444'),(671,'Axe Yelland',46,'79229524'),(672,'Arlyn Najara',33,'72346001'),(673,'Burnaby Masterson',20,'70795129'),(674,'Gian Divver',47,'73391195'),(675,'Sawyere Axelby',20,'72495392'),(676,'Lulu Penburton',36,'76747590'),(677,'Natty Trownson',29,'76231440'),(678,'Maighdiln Staveley',50,'71251274'),(679,'Sadie Dunnet',30,'70772762'),(680,'Doe Itscovitz',36,'70041557'),(681,'Audi Trusty',36,'74116711'),(682,'Constantina Wooles',46,'77222251'),(683,'Avictor Buckhurst',45,'72579441'),(684,'Nealy Crake',46,'70043051'),(685,'Kiah Slowly',46,'73762220'),(686,'Bartel Zywicki',23,'78869665'),(687,'Regine Lowings',39,'71036697'),(688,'Malvina Tabard',24,'73613036'),(689,'Valida O\'Lagene',24,'77572270'),(690,'Sauveur Crichton',39,'73823208'),(691,'Jaquelin Gaitskell',24,'75800800'),(692,'Kania Hiley',40,'75607555'),(693,'Alli Samwaye',29,'70867154'),(694,'Boyce Trimmell',44,'78694373'),(695,'Theobald Abrahmer',40,'70670992'),(696,'Gaelan Rooper',45,'73550039'),(697,'Willem Daymond',42,'72508496'),(698,'Charo Coytes',40,'72899163'),(699,'Francine Cudmore',27,'78879631'),(700,'Dolly Briston',33,'77979818'),(701,'Esta Eddis',30,'70150810'),(702,'Julian Ceillier',42,'71453946'),(703,'Luciana Stollard',50,'71757646'),(704,'Garner Rigden',21,'76641077'),(705,'Amandi Chown',48,'71372148'),(706,'Miles Johanchon',37,'71820011'),(707,'Alicia Shard',45,'71823172'),(708,'Yule Garey',35,'71847552'),(709,'Jere Kaas',36,'70013399'),(710,'Ludovika Suggate',34,'75476064'),(711,'Kenton Cooney',49,'71078738'),(712,'Forbes Barkaway',38,'75140202'),(713,'Jacenta O\' Clovan',37,'78076079'),(714,'Nadya Watkinson',30,'74933586'),(715,'Enoch Storey',36,'79955415'),(716,'Urbanus Poncet',48,'70981931'),(717,'Chloette Surtees',44,'77423050'),(718,'Rory Habbin',49,'74292997'),(719,'Marietta Clayton',34,'72671012'),(720,'Florencia Puig',26,'71395009'),(721,'Cairistiona Maxworthy',35,'76930306'),(722,'Rolfe Wynn',36,'72053639'),(723,'Gery Syplus',36,'70160665'),(724,'Ardra Mayoral',41,'75957487'),(725,'Sergei Petkovic',43,'79762980'),(726,'Cull Pactat',37,'75034092'),(727,'Karoline Jollands',48,'77516162'),(728,'Sandy Ketton',32,'71165166'),(729,'Jack Doelle',27,'70672421'),(730,'Renee Bushby',38,'70560680'),(731,'Emanuele Willshaw',40,'71547159'),(732,'Reinaldos Swyne',31,'70543951'),(733,'Lawton Terbruggen',27,'77394576'),(734,'Thain de Copeman',49,'78056401'),(735,'Genny Bamlett',49,'76589574'),(736,'Wolfgang Sharpless',28,'77166086'),(737,'Yancy Fullilove',28,'78534212'),(738,'Daria Martina',50,'74863245'),(739,'Tybie Burnhill',39,'72228728'),(740,'Deeann Charge',49,'72065606'),(741,'Lenka Launder',41,'72687079'),(742,'Nissa Noden',40,'73366831'),(743,'Roosevelt Eller',45,'78446742'),(744,'Isabel Kimbling',26,'75880607'),(745,'Esdras Darton',23,'78948825'),(746,'Tarah Jahns',28,'70940686'),(747,'Mateo Messiter',27,'70803861'),(748,'Shelley Astles',39,'77657858'),(749,'Albertina Carmen',24,'74765701'),(750,'Tillie Braine',49,'75877260'),(751,'Frazer Galler',28,'79432283'),(752,'Matthaeus Luckcock',36,'75656564'),(753,'Theodor Hundal',49,'76344164'),(754,'Kassi Merriman',21,'75719880'),(755,'Kain Madeley',20,'79510171'),(756,'Faunie Jennery',48,'76189406'),(757,'Leoline Snufflebottom',49,'79914942'),(758,'Ewen Corker',33,'76895602'),(759,'Opalina Lant',30,'78833273'),(760,'Madalyn Lilbourne',34,'70853432'),(761,'Forest Archdeacon',30,'74495736'),(762,'Kamillah Chipperfield',49,'79598518'),(763,'Ralph Lewer',31,'75331711'),(764,'Ulric De Mico',47,'71864319'),(765,'Helli Ambrogetti',22,'76857796'),(766,'Tasha Bourhill',22,'71978895'),(767,'Toddy Sendall',45,'79388810'),(768,'Rolf Boorman',30,'76120218'),(769,'Gena Pedwell',23,'79252025'),(770,'Verena Clemett',30,'79354987'),(771,'Cathie Pywell',42,'72635775'),(772,'Ardra Hannond',21,'73487914'),(773,'Laurie MacConnulty',37,'73672812'),(774,'Tandy Danilchik',38,'76412454'),(775,'Malissa Struis',46,'70676813'),(776,'Brittne Stevenson',35,'71348784'),(777,'Rodolphe Shires',41,'76025833'),(778,'Cory Philippe',37,'71835580'),(779,'Auguste Wann',22,'79712401'),(780,'Emmeline Sexon',37,'70722135'),(781,'Paula Drew-Clifton',26,'76196040'),(782,'Tine Yokley',36,'70205013'),(783,'Jerrylee Tasch',36,'70083848'),(784,'Gui Attwooll',33,'74526090'),(785,'Cherye Scudder',24,'74483643'),(786,'Gweneth Abrahart',42,'70516389'),(787,'Diarmid Alibone',21,'77521991'),(788,'Dorita Parysowna',41,'74666627'),(789,'Moyra Hakes',50,'70997736'),(790,'Coletta Tigner',35,'75870909'),(791,'Kathlin Gatchel',40,'79733342'),(792,'Robin Spilsbury',46,'77421542'),(793,'Karola Tansly',41,'77082052'),(794,'Lise France',42,'78872342'),(795,'Rodolphe Riddoch',34,'70597997'),(796,'Pietro Lillie',39,'76516470'),(797,'Phil Burberye',28,'76324000'),(798,'Antin Baline',48,'78716031'),(799,'Rose Cornelisse',20,'72705529'),(800,'Janifer Soreau',30,'78395359'),(801,'Edin Coalburn',34,'79574945'),(802,'Alwin Ryley',34,'71953520'),(803,'Mariann Scading',45,'75364374'),(804,'Renee Beams',50,'78982197'),(805,'Hannah Momery',36,'71719434'),(806,'Ingeborg O\'Kielt',32,'78087391'),(807,'Jorry Steers',50,'77152921'),(808,'Kelvin Kobisch',26,'78879605'),(809,'Josselyn McColgan',42,'72642941'),(810,'Ruttger Callaghan',32,'75800822'),(811,'Darla Kleehuhler',44,'70925246'),(812,'Keen Friett',20,'70373474'),(813,'Serene Laidel',29,'76692530'),(814,'Freedman Lucks',25,'72291466'),(815,'Kristo Dabney',24,'77120430'),(816,'Damita Dowzell',31,'73980406'),(817,'Ottilie Cayzer',22,'70260600'),(818,'Kelcie Frandsen',29,'75065391'),(819,'Myrlene Zanettini',34,'70801895'),(820,'Deeanne Godlip',30,'79811165'),(821,'Rip Laugharne',40,'79359875'),(822,'Loise Denis',50,'71092771'),(823,'Joli Keggin',48,'77318904'),(824,'Dorisa Eakin',47,'77047495'),(825,'Mallory Bolle',31,'79907588'),(826,'Maryellen Nern',37,'78414897'),(827,'Mavra McGing',31,'75561176'),(828,'Reagen MacGrath',30,'75176194'),(829,'Orlan Remmer',21,'73854075'),(830,'Norah Bamlett',24,'77105824'),(831,'Randie Mowbray',21,'74018716'),(832,'Winny Gooda',50,'74988875'),(833,'My Merrydew',29,'73079693'),(834,'Tony Attard',26,'79976148'),(835,'Errick Munro',23,'75645378'),(836,'Loren McNeilly',28,'78330851'),(837,'Livia Fargher',26,'70438605'),(838,'Linnet Obee',42,'72569120'),(839,'Aloin Sparham',24,'75328596'),(840,'Trista Farens',30,'71203289'),(841,'Teodorico Beauvais',31,'79475377'),(842,'Alane Broad',30,'79703265'),(843,'Debora Vasyuchov',20,'77425677'),(844,'Lorain Philimore',38,'78367935'),(845,'Philippa Higford',34,'71149477'),(846,'Zea O\'Duane',48,'73234550'),(847,'Chrissy Niland',30,'75170933'),(848,'Emmet Bish',38,'70125524'),(849,'Dannie Jemmison',24,'72506473'),(850,'Sheree Govern',20,'79135170'),(851,'Sayre Resdale',42,'79858061'),(852,'Idette Gilligan',43,'75696746'),(853,'Wynny Alderson',21,'78418450'),(854,'Locke McKimmie',40,'78370251'),(855,'Yankee Winchurst',34,'73249016'),(856,'Hildegarde Stinson',37,'79296768'),(857,'Selia Commins',20,'75993730'),(858,'Tracie Andrzej',47,'72230537'),(859,'Rosette Choules',27,'74670026'),(860,'Ximenes Whitebread',32,'78387988'),(861,'Amanda Chyuerton',38,'72645403'),(862,'Noby Painter',22,'72775513'),(863,'Halley Ewens',49,'70608137'),(864,'Juana Hutson',21,'73486957'),(865,'Boris Nibley',25,'77896376'),(866,'Bondy Baistow',41,'70785419'),(867,'Jakob Cree',27,'73490836'),(868,'Elwira Methley',27,'70477230'),(869,'Bill Ladel',31,'74299429'),(870,'Lind Eckhard',37,'71628438'),(871,'Sanson Vasilyevski',20,'77953944'),(872,'Ileana Hedaux',37,'75256608'),(873,'Elita Tearney',27,'72457081'),(874,'Jodi Schlagh',30,'72361849'),(875,'Colly Careless',35,'70867582'),(876,'Suzette Leguey',28,'79298553'),(877,'Ryley Dighton',45,'78391071'),(878,'Sean Fierman',39,'77325778'),(879,'Clevey Iannuzzi',23,'75430618'),(880,'Kendricks Bentote',24,'76382764'),(881,'Cecily McIlwaine',28,'77333455'),(882,'Courtnay Lichfield',28,'79025183'),(883,'Bird Gosnoll',39,'70608937'),(884,'Renee Mulcock',36,'71041883'),(885,'Lettie Barratt',44,'79875968'),(886,'Ina Hedley',20,'71740312'),(887,'Phil Tyndall',37,'78649198'),(888,'Carley Pettengell',34,'78483343'),(889,'Osbert Stuttard',41,'71113507'),(890,'Hyatt Ateggart',30,'78063291'),(891,'Elia Borres',48,'75698567'),(892,'Orlan Ditchfield',46,'75566850'),(893,'Florri Ingle',44,'74503218'),(894,'Martie Capel',49,'72360310'),(895,'Trisha Snufflebottom',32,'71389088'),(896,'Addison Pahl',20,'74807261'),(897,'Waldo McCarlich',26,'78286585'),(898,'Simeon Philippeaux',27,'72510669'),(899,'Jone Mattevi',23,'74013189'),(900,'Wit Zamorano',32,'75936688'),(901,'Emelita Garred',23,'74376576'),(902,'Hanni Murkin',31,'78496764'),(903,'Kare Jasper',47,'74142678'),(904,'Norri Farlowe',22,'71923728'),(905,'Biron Blofield',46,'78932243'),(906,'Barn Abrams',27,'70190795'),(907,'Loralyn Palfreyman',45,'76468923'),(908,'Chance Bambridge',39,'70954635'),(909,'Janifer Enderle',44,'78421722'),(910,'Amalia Himsworth',23,'75293786'),(911,'Florida Giacovetti',43,'72175840'),(912,'Geri Geraldez',31,'74549427'),(913,'Zeb McNeil',39,'75958649'),(914,'Ainslie Hackforth',24,'70735188'),(915,'Archaimbaud Coxhell',20,'77831182'),(916,'Cami Yurin',25,'76079802'),(917,'Keene Steade',29,'76247221'),(918,'Dorey Lukehurst',28,'70572591'),(919,'Rebecka Coche',31,'70400695'),(920,'Ainslie Jordi',35,'79020603'),(921,'Jojo Cordet',22,'76268447'),(922,'Albie Meric',42,'71006615'),(923,'Tommie Kollas',48,'73880245'),(924,'Bogey Jentgens',50,'71057668'),(925,'Elga Mougel',26,'79825509'),(926,'Kacie Betts',50,'74189127'),(927,'Trudi Ortiger',43,'79741645'),(928,'Tiffie Dionisii',30,'76582785'),(929,'Preston Joost',36,'77952770'),(930,'Natalya Calderbank',44,'72278705'),(931,'Zeb O\'Neal',24,'79758276'),(932,'Garrard Spacie',37,'71433812'),(933,'Joyous Raxworthy',24,'77886162'),(934,'Florri Gorce',33,'75475608'),(935,'Galvan Gaydon',27,'71434428'),(936,'Allina Neames',32,'75688243'),(937,'Charin Jobbing',46,'74788797'),(938,'Rafaelita Rodolfi',28,'77911777'),(939,'Claudelle Appleby',31,'77596563'),(940,'Gillie Wolfenden',33,'71767233'),(941,'Licha Cullrford',46,'74173898'),(942,'Marla Dumbrill',35,'75245504'),(943,'Gerianne Druitt',45,'70714067'),(944,'Carmella Newtown',32,'74632035'),(945,'Cam Caramuscia',40,'75291524'),(946,'Billi Powers',43,'71359729'),(947,'Chalmers Burcombe',44,'74954819'),(948,'Valaria Hake',45,'75593303'),(949,'Myrilla Goodfellow',50,'72558198'),(950,'Cristian Budgey',44,'71954764'),(951,'Guendolen Reyner',44,'74345715'),(952,'Brita Langridge',48,'74676543'),(953,'Georgette Chismon',22,'75709554'),(954,'Libbey McLarty',40,'74191597'),(955,'Jennifer Cavnor',50,'72758035'),(956,'Jaquelin Stares',26,'71267971'),(957,'Xymenes Wile',48,'76372354'),(958,'Ulla Morant',31,'73914706'),(959,'Jerald Lentsch',33,'79440456'),(960,'Fonzie Wakenshaw',28,'71312477'),(961,'Correy Hutable',24,'75302645'),(962,'Harman Allabarton',42,'75746292'),(963,'Curran Gatheral',41,'76854081'),(964,'Susy Alberti',26,'74378943'),(965,'Marquita Volant',28,'76133479'),(966,'Leonelle Truswell',27,'72695637'),(967,'Juliane Pelfer',27,'73692440'),(968,'Danita Ennever',45,'71886654'),(969,'Lyell Songhurst',31,'75202872'),(970,'Fleurette Jeandin',46,'78509476'),(971,'Romy Iacobini',27,'76910172'),(972,'Melamie Allport',30,'77254729'),(973,'Leanna Cornuau',50,'79832497'),(974,'Verne Kinghorn',30,'79670081'),(975,'Phedra Crangle',33,'78878449'),(976,'Quent Bolduc',29,'73253722'),(977,'Ignazio Whitwam',33,'78691592'),(978,'Tine Balf',37,'79214786'),(979,'Waly Kanter',28,'76902313'),(980,'Vi Rigge',40,'71691851'),(981,'Tabatha Percival',31,'79805510'),(982,'Bobette Robichon',20,'79484345'),(983,'Duffie Kerrich',43,'71599604'),(984,'Hadley De Few',29,'78687935'),(985,'Archie O Mullen',47,'74338898'),(986,'Wilmar Dwire',41,'73535925'),(987,'Madlin Warder',20,'74465419'),(988,'Daria Menicomb',29,'70365826'),(989,'Gilbertina Rizzo',27,'73273155'),(990,'Rhea Lubomirski',33,'78600368'),(991,'Myrwyn Geraudy',46,'70207678'),(992,'Ker MacGahey',26,'74097285'),(993,'Darill Simmon',44,'73891098'),(994,'Giacopo Bowness',35,'71001728'),(995,'Tremain Duguid',40,'73597187'),(996,'Dave Merrilees',21,'71768294'),(997,'Jacinthe Warrender',37,'72039309'),(998,'Grissel McIlwreath',42,'74429716'),(999,'Annmaria Turvie',37,'70627015'),(1000,'Lyn Vittori',48,'72935642');
/*!40000 ALTER TABLE `proveedor` ENABLE KEYS */;
UNLOCK TABLES;

--
-- Table structure for table `tipo_usuario`
--

DROP TABLE IF EXISTS `tipo_usuario`;
/*!40101 SET @saved_cs_client     = @@character_set_client */;
/*!50503 SET character_set_client = utf8mb4 */;
CREATE TABLE `tipo_usuario` (
  `ID_tipoUsusario` int(11) NOT NULL AUTO_INCREMENT,
  `tipo` varchar(50) DEFAULT NULL,
  PRIMARY KEY (`ID_tipoUsusario`)
) ENGINE=InnoDB AUTO_INCREMENT=3 DEFAULT CHARSET=utf8mb4 COLLATE=utf8mb4_0900_ai_ci;
/*!40101 SET character_set_client = @saved_cs_client */;

--
-- Dumping data for table `tipo_usuario`
--

LOCK TABLES `tipo_usuario` WRITE;
/*!40000 ALTER TABLE `tipo_usuario` DISABLE KEYS */;
INSERT INTO `tipo_usuario` VALUES (1,'usuario'),(2,'admin');
/*!40000 ALTER TABLE `tipo_usuario` ENABLE KEYS */;
UNLOCK TABLES;

--
-- Table structure for table `usuario`
--

DROP TABLE IF EXISTS `usuario`;
/*!40101 SET @saved_cs_client     = @@character_set_client */;
/*!50503 SET character_set_client = utf8mb4 */;
CREATE TABLE `usuario` (
  `ID_Usuario` int(11) NOT NULL AUTO_INCREMENT,
  `usuario` varchar(50) DEFAULT NULL,
  `contrasea` varbinary(50) DEFAULT NULL,
  `correo` varchar(50) DEFAULT NULL,
  `empleado_id` int(11) DEFAULT NULL,
  `tipoUsuario_id` int(11) DEFAULT NULL,
  PRIMARY KEY (`ID_Usuario`),
  UNIQUE KEY `usuario_UNIQUE` (`usuario`),
  KEY `tipoUsuario_id` (`tipoUsuario_id`),
  KEY `empleado_id` (`empleado_id`),
  CONSTRAINT `usuario_ibfk_1` FOREIGN KEY (`tipoUsuario_id`) REFERENCES `tipo_usuario` (`ID_tipoUsusario`),
  CONSTRAINT `usuario_ibfk_2` FOREIGN KEY (`empleado_id`) REFERENCES `empleado` (`ID_empleado`)
) ENGINE=InnoDB AUTO_INCREMENT=3 DEFAULT CHARSET=utf8mb4 COLLATE=utf8mb4_0900_ai_ci;
/*!40101 SET character_set_client = @saved_cs_client */;

--
-- Dumping data for table `usuario`
--

LOCK TABLES `usuario` WRITE;
/*!40000 ALTER TABLE `usuario` DISABLE KEYS */;
INSERT INTO `usuario` VALUES (1,'itto31',_binary '1234','ittovalladares@hotmail.com',1,1),(2,'leo',_binary '1234',':V',2,2);
/*!40000 ALTER TABLE `usuario` ENABLE KEYS */;
UNLOCK TABLES;

--
-- Table structure for table `ventas`
--

DROP TABLE IF EXISTS `ventas`;
/*!40101 SET @saved_cs_client     = @@character_set_client */;
/*!50503 SET character_set_client = utf8mb4 */;
CREATE TABLE `ventas` (
  `id_Venta` int(11) NOT NULL AUTO_INCREMENT,
  `Fecha` date DEFAULT NULL,
  `ClienteId_fk` int(11) NOT NULL,
  PRIMARY KEY (`id_Venta`),
  KEY `ClienteId_fk` (`ClienteId_fk`),
  CONSTRAINT `ventas_ibfk_1` FOREIGN KEY (`ClienteId_fk`) REFERENCES `clientes` (`Id_Cliente`)
) ENGINE=InnoDB DEFAULT CHARSET=utf8mb4 COLLATE=utf8mb4_0900_ai_ci;
/*!40101 SET character_set_client = @saved_cs_client */;

--
-- Dumping data for table `ventas`
--

LOCK TABLES `ventas` WRITE;
/*!40000 ALTER TABLE `ventas` DISABLE KEYS */;
/*!40000 ALTER TABLE `ventas` ENABLE KEYS */;
UNLOCK TABLES;

--
-- Dumping events for database 'comercial'
--

--
-- Dumping routines for database 'comercial'
--
/*!50003 DROP PROCEDURE IF EXISTS `SP_BCliente` */;
/*!50003 SET @saved_cs_client      = @@character_set_client */ ;
/*!50003 SET @saved_cs_results     = @@character_set_results */ ;
/*!50003 SET @saved_col_connection = @@collation_connection */ ;
/*!50003 SET character_set_client  = utf8mb4 */ ;
/*!50003 SET character_set_results = utf8mb4 */ ;
/*!50003 SET collation_connection  = utf8mb4_0900_ai_ci */ ;
/*!50003 SET @saved_sql_mode       = @@sql_mode */ ;
/*!50003 SET sql_mode              = 'STRICT_TRANS_TABLES,NO_ENGINE_SUBSTITUTION' */ ;
DELIMITER ;;
CREATE DEFINER=`Alvaro`@`localhost` PROCEDURE `SP_BCliente`(Nomb varchar(50))
BEGIN
select * from Clientes where Nombre like  CONCAT(Nomb,'%'); 
END ;;
DELIMITER ;
/*!50003 SET sql_mode              = @saved_sql_mode */ ;
/*!50003 SET character_set_client  = @saved_cs_client */ ;
/*!50003 SET character_set_results = @saved_cs_results */ ;
/*!50003 SET collation_connection  = @saved_col_connection */ ;
/*!50003 DROP PROCEDURE IF EXISTS `SP_ICliente` */;
/*!50003 SET @saved_cs_client      = @@character_set_client */ ;
/*!50003 SET @saved_cs_results     = @@character_set_results */ ;
/*!50003 SET @saved_col_connection = @@collation_connection */ ;
/*!50003 SET character_set_client  = utf8mb4 */ ;
/*!50003 SET character_set_results = utf8mb4 */ ;
/*!50003 SET collation_connection  = utf8mb4_0900_ai_ci */ ;
/*!50003 SET @saved_sql_mode       = @@sql_mode */ ;
/*!50003 SET sql_mode              = 'STRICT_TRANS_TABLES,NO_ENGINE_SUBSTITUTION' */ ;
DELIMITER ;;
CREATE DEFINER=`Alvaro`@`localhost` PROCEDURE `SP_ICliente`(Nomb varchar(50),Du varchar(11),eda int,tele varchar(9),Dire varchar(200))
BEGIN
insert into Clientes(Nombre, Dui,Edad,Telefono,Direccion)values(Nomb,du,eda,tele,dire);
END ;;
DELIMITER ;
/*!50003 SET sql_mode              = @saved_sql_mode */ ;
/*!50003 SET character_set_client  = @saved_cs_client */ ;
/*!50003 SET character_set_results = @saved_cs_results */ ;
/*!50003 SET collation_connection  = @saved_col_connection */ ;
/*!50003 DROP PROCEDURE IF EXISTS `SP_Logear` */;
/*!50003 SET @saved_cs_client      = @@character_set_client */ ;
/*!50003 SET @saved_cs_results     = @@character_set_results */ ;
/*!50003 SET @saved_col_connection = @@collation_connection */ ;
/*!50003 SET character_set_client  = utf8mb4 */ ;
/*!50003 SET character_set_results = utf8mb4 */ ;
/*!50003 SET collation_connection  = utf8mb4_0900_ai_ci */ ;
/*!50003 SET @saved_sql_mode       = @@sql_mode */ ;
/*!50003 SET sql_mode              = 'STRICT_TRANS_TABLES,NO_ENGINE_SUBSTITUTION' */ ;
DELIMITER ;;
CREATE DEFINER=`Alvaro`@`localhost` PROCEDURE `SP_Logear`(usu VARCHAR(50), pass varchar(50))
BEGIN
select COUNT(*), tipousuario_id from usuario
		where usuario=usu and   contrasea=pass;
END ;;
DELIMITER ;
/*!50003 SET sql_mode              = @saved_sql_mode */ ;
/*!50003 SET character_set_client  = @saved_cs_client */ ;
/*!50003 SET character_set_results = @saved_cs_results */ ;
/*!50003 SET collation_connection  = @saved_col_connection */ ;
/*!50003 DROP PROCEDURE IF EXISTS `SP_MCliente` */;
/*!50003 SET @saved_cs_client      = @@character_set_client */ ;
/*!50003 SET @saved_cs_results     = @@character_set_results */ ;
/*!50003 SET @saved_col_connection = @@collation_connection */ ;
/*!50003 SET character_set_client  = utf8mb4 */ ;
/*!50003 SET character_set_results = utf8mb4 */ ;
/*!50003 SET collation_connection  = utf8mb4_0900_ai_ci */ ;
/*!50003 SET @saved_sql_mode       = @@sql_mode */ ;
/*!50003 SET sql_mode              = 'STRICT_TRANS_TABLES,NO_ENGINE_SUBSTITUTION' */ ;
DELIMITER ;;
CREATE DEFINER=`Alvaro`@`localhost` PROCEDURE `SP_MCliente`()
BEGIN
select * from Clientes;
END ;;
DELIMITER ;
/*!50003 SET sql_mode              = @saved_sql_mode */ ;
/*!50003 SET character_set_client  = @saved_cs_client */ ;
/*!50003 SET character_set_results = @saved_cs_results */ ;
/*!50003 SET collation_connection  = @saved_col_connection */ ;
/*!50003 DROP PROCEDURE IF EXISTS `SP_MProductos` */;
/*!50003 SET @saved_cs_client      = @@character_set_client */ ;
/*!50003 SET @saved_cs_results     = @@character_set_results */ ;
/*!50003 SET @saved_col_connection = @@collation_connection */ ;
/*!50003 SET character_set_client  = utf8mb4 */ ;
/*!50003 SET character_set_results = utf8mb4 */ ;
/*!50003 SET collation_connection  = utf8mb4_0900_ai_ci */ ;
/*!50003 SET @saved_sql_mode       = @@sql_mode */ ;
/*!50003 SET sql_mode              = 'STRICT_TRANS_TABLES,NO_ENGINE_SUBSTITUTION' */ ;
DELIMITER ;;
CREATE DEFINER=`Alvaro`@`localhost` PROCEDURE `SP_MProductos`(ser varchar(50))
BEGIN
select * from productosvista where  serie like concat(ser,'%'); 
END ;;
DELIMITER ;
/*!50003 SET sql_mode              = @saved_sql_mode */ ;
/*!50003 SET character_set_client  = @saved_cs_client */ ;
/*!50003 SET character_set_results = @saved_cs_results */ ;
/*!50003 SET collation_connection  = @saved_col_connection */ ;

--
-- Final view structure for view `productosvista`
--

/*!50001 DROP VIEW IF EXISTS `productosvista`*/;
/*!50001 SET @saved_cs_client          = @@character_set_client */;
/*!50001 SET @saved_cs_results         = @@character_set_results */;
/*!50001 SET @saved_col_connection     = @@collation_connection */;
/*!50001 SET character_set_client      = utf8mb4 */;
/*!50001 SET character_set_results     = utf8mb4 */;
/*!50001 SET collation_connection      = utf8mb4_0900_ai_ci */;
/*!50001 CREATE ALGORITHM=UNDEFINED */
/*!50013 DEFINER=`Alvaro`@`localhost` SQL SECURITY DEFINER */
/*!50001 VIEW `productosvista` AS select `a`.`Id_Producto` AS `Id_Producto`,`a`.`Producto` AS `Producto`,`a`.`Serie` AS `Serie`,(`a`.`Costo` + `a`.`Margen`) AS `precio`,`c`.`marca` AS `marca`,`a`.`descripcion` AS `descripcion`,`b`.`Proveedor` AS `proveedor`,`a`.`Inventario` AS `inventario` from ((`productos` `a` join `proveedor` `b` on((`a`.`proveedor_id` = `b`.`Id_proveedor`))) join `marca` `c` on((`a`.`Marca_Id` = `c`.`Id_marca`))) */;
/*!50001 SET character_set_client      = @saved_cs_client */;
/*!50001 SET character_set_results     = @saved_cs_results */;
/*!50001 SET collation_connection      = @saved_col_connection */;
/*!40103 SET TIME_ZONE=@OLD_TIME_ZONE */;

/*!40101 SET SQL_MODE=@OLD_SQL_MODE */;
/*!40014 SET FOREIGN_KEY_CHECKS=@OLD_FOREIGN_KEY_CHECKS */;
/*!40014 SET UNIQUE_CHECKS=@OLD_UNIQUE_CHECKS */;
/*!40101 SET CHARACTER_SET_CLIENT=@OLD_CHARACTER_SET_CLIENT */;
/*!40101 SET CHARACTER_SET_RESULTS=@OLD_CHARACTER_SET_RESULTS */;
/*!40101 SET COLLATION_CONNECTION=@OLD_COLLATION_CONNECTION */;
/*!40111 SET SQL_NOTES=@OLD_SQL_NOTES */;

-- Dump completed on 2019-11-14 20:19:26
